company_id,revenue_cagr_5yr,fcf_cagr_5yr
ABB,9.716101277290168,
ADANIENSOL,17.85124994851739,
ADANIENT,19.015414753081238,
ADANIGREEN,34.976172926382844,
ADANIPORTS,19.57867595245697,37.789734468642024
ADANIPOWER,16.086096410440966,18.235063711299414
AMBUJACEM,4.115700788754739,
APOLLOHOSP,14.660042602193135,14.572241252408503
ASIANPAINT,13.029660349453076,18.035870453634505
ATGL,21.08864867789759,
AXISBANK,14.743587120514379,
BAJAJ-AUTO,8.127604751021389,23.982350488934777
BAJAJFINSV,20.97274568418761,
BAJAJHLDNG,31.612293448969165,25.867547044417382
BAJFINANCE,24.352642739542006,
BANKBARODA,17.477297665890944,
BEL,10.7508063318833,
BHARTIARTL,13.17410230151459,
BHEL,-4.728642461606237,
BOSCHLTD,6.717165240230294,
BPCL,8.483226324685255,
BRITANNIA,8.690023727476138,47.13078053925264
CANBK,18.17561078322378,-5.337862323751841
CHOLAFIN,21.939164804975263,
CIPLA,9.513860126378049,228.75036590344516
COALINDIA,7.402890725901301,9.987217411819094
DABUR,7.814065037783324,-2.139574479310491
DIVISLAB,9.664930361854074,29.823071047777418
DLF,-5.136730668466605,-13.116313220942555
DMART,20.48312440202782,
DRREDDY,12.639644349571988,-24.68901184980715
EICHERMOT,11.036936496739692,-0.552520013345259
GAIL,11.825154521824267,13.814112331981754
GODREJCP,6.447080048592069,
GRASIM,11.15172597339149,
HAL,8.712548590236358,
HAVELLS,13.037907939063121,1.1746113748023923
HCLTECH,12.710299978373406,22.616181854301498
HDFCBANK,21.95098428169122,
HDFCLIFE,21.16813430936688,
HEROMOTOCO,2.1530677970544643,
HINDALCO,10.592433818985914,8.463802473474736
HINDUNILVR,9.504485244074123,13.601756995927673
ICICIBANK,17.25086850260209,-7.360467011220518
ICICIGI,12.911841003362579,32.27903093325808
ICICIPRULI,16.84553965244746,
INDIGO,19.313355125806165,71.56520119992503
INDUSINDBK,15.495613083358029,
INFY,13.199100930556229,7.201272446841034
IOC,8.008755667240486,
IRCTC,17.955244103890912,35.50477381816852
IRFC,19.06740855567788,
ITC,7.950896846254429,17.28337362965442
JINDALSTEL,1.4028310947741707,
JIOFIN,,
JSWENERGY,4.6799560539164675,
JSWSTEEL,15.604695052452788,
KOTAKBANK,13.51960376324537,
LICI,8.15986061977938,-25.18007521270632
LODHA,-2.8278535641862446,
LT,10.335347989682408,
LTIM,30.32798083513346,22.084440373864076
M&M,5.838805854237616,
MARUTI,10.510215112642584,10.027783515753708
MOTHERSON,9.21195713294276,-1.4285671285633073
NAUKRI,17.115610089960743,
NESTLEIND,14.548573711802671,5.84085360301152
NHPC,1.404917217643753,-18.159592302569283
NTPC,12.222309654337993,
ONGC,7.001683761214439,11.573154797773345
PFC,11.081753577550923,
PIDILITIND,11.836370175898114,23.53017525858574
PNB,15.902076009106025,
POWERGRID,5.510261937513361,39.69769001638159
RECLTD,13.338042247865678,
RELIANCE,9.606097094616972,
SBILIFE,24.231614182367544,
SBIN,11.63380022632805,-9.150225134111245
SHREECEM,10.325615915556586,7.2404589297854205
SHRIRAMFIN,18.556070052776754,
SIEMENS,11.193358902067896,53.28962129081927
SUNPHARMA,10.78116321985565,43.238258609440905
TATACONSUM,15.96086282879563,-30.20653836549011
TATAMOTORS,7.7201595386239275,
TATAPOWER,15.511158201876407,-3.666968259247616
TATASTEEL,7.766224835881497,
TCS,10.463614801716602,7.254165319650285
TECHM,8.398437919098868,16.78825509724664
TITAN,20.897163953120245,27.555157291093035
TORNTPHARM,6.932744476678732,14.884634499872607
TRENT,36.30691600183056,
TVSMOTOR,14.192387704277065,
