company_id,cluster_id,cluster_name,distance_from_centroid
ABB,0,Stable Quality,0.8558238604098424
ADANIENSOL,4,Growth & Profitability,0.6884733460753291
ADANIENT,4,Growth & Profitability,0.8904408075372032
ADANIGREEN,1,High Growth & High Leverage,2.4749566535791483
ADANIPORTS,4,Growth & Profitability,0.870415358153323
ADANIPOWER,4,Growth & Profitability,0.5528423440301434
AMBUJACEM,0,Stable Quality,0.62486151809778
APOLLOHOSP,4,Growth & Profitability,0.71462779435524
ASIANPAINT,0,Stable Quality,0.735378780578175
ATGL,4,Growth & Profitability,0.28619248943280245
AXISBANK,1,High Growth & High Leverage,1.9816661731510874
BAJAJ-AUTO,0,Stable Quality,0.40232442889954534
BAJAJFINSV,1,High Growth & High Leverage,1.15352257104706
BAJAJHLDNG,4,Growth & Profitability,1.753900253254267
BAJFINANCE,4,Growth & Profitability,2.5998043940372337
BANKBARODA,1,High Growth & High Leverage,1.8938277975001854
BEL,2,Strong Cash Generation,0.7490518033548235
BHARTIARTL,4,Growth & Profitability,1.0306997732398595
BHEL,0,Stable Quality,1.925403013122739
BOSCHLTD,0,Stable Quality,0.4470082441038282
BPCL,0,Stable Quality,0.28469438354590776
BRITANNIA,0,Stable Quality,1.1307870781071125
CANBK,1,High Growth & High Leverage,2.620054785619925
CHOLAFIN,1,High Growth & High Leverage,1.184108896614107
CIPLA,3,Exceptional Margin Outlier,0.0
COALINDIA,0,Stable Quality,5.525667671434129
DABUR,0,Stable Quality,0.6440611316367346
DIVISLAB,0,Stable Quality,0.6160758520709491
DLF,0,Stable Quality,2.0598763328818492
DMART,4,Growth & Profitability,0.5864525798036061
DRREDDY,0,Stable Quality,1.5268160406448106
EICHERMOT,0,Stable Quality,0.7276405642236077
GAIL,0,Stable Quality,0.5731171678730592
GODREJCP,0,Stable Quality,0.37472771477204725
GRASIM,0,Stable Quality,1.005199307374838
HAL,2,Strong Cash Generation,0.7490518033548187
HAVELLS,0,Stable Quality,0.8764144606233207
HCLTECH,0,Stable Quality,0.7365958002525312
HDFCBANK,1,High Growth & High Leverage,4.9217983028437695
HDFCLIFE,4,Growth & Profitability,0.8063280569417264
HEROMOTOCO,0,Stable Quality,0.9522013985747434
HINDALCO,0,Stable Quality,2.6612361505833735
HINDUNILVR,0,Stable Quality,1.5409799907679262
ICICIBANK,1,High Growth & High Leverage,1.2831379440678523
ICICIGI,0,Stable Quality,0.9036100622583144
ICICIPRULI,4,Growth & Profitability,0.9338641885122201
INDIGO,4,Growth & Profitability,3.036657441835756
INDUSINDBK,1,High Growth & High Leverage,0.9317418194762668
INFY,0,Stable Quality,0.7992033665122941
IOC,0,Stable Quality,0.2771724548796378
IRCTC,4,Growth & Profitability,0.9143045447965238
IRFC,1,High Growth & High Leverage,0.5962527154724174
ITC,0,Stable Quality,0.2808967197725919
JINDALSTEL,0,Stable Quality,0.9527475667433905
JIOFIN,4,Growth & Profitability,0.8566595164230111
JSWENERGY,0,Stable Quality,0.6542687874170425
JSWSTEEL,4,Growth & Profitability,0.5841545605727592
KOTAKBANK,1,High Growth & High Leverage,1.7822035101769684
LICI,0,Stable Quality,1.4109659206920482
LODHA,0,Stable Quality,1.7883808820450469
LT,0,Stable Quality,0.8834409489824783
LTIM,4,Growth & Profitability,1.5512516952814654
M&M,0,Stable Quality,0.6576152199473435
MARUTI,0,Stable Quality,0.468802314986961
MOTHERSON,0,Stable Quality,0.6494148739025204
NAUKRI,4,Growth & Profitability,0.5601492935455487
NESTLEIND,4,Growth & Profitability,0.8452969780429057
NHPC,0,Stable Quality,1.4847270352464745
NTPC,0,Stable Quality,0.732100691785392
ONGC,0,Stable Quality,0.3014338886161607
PFC,1,High Growth & High Leverage,1.1162367511814602
PIDILITIND,0,Stable Quality,0.6514361832299261
PNB,4,Growth & Profitability,1.227531924546621
POWERGRID,0,Stable Quality,1.0073976778867755
RECLTD,1,High Growth & High Leverage,0.89164697138896
RELIANCE,0,Stable Quality,0.3370086444071483
SBILIFE,4,Growth & Profitability,1.018236773509825
SBIN,1,High Growth & High Leverage,1.490134831917836
SHREECEM,0,Stable Quality,0.48872510882028714
SHRIRAMFIN,4,Growth & Profitability,1.2167356093001331
SIEMENS,0,Stable Quality,1.4069718510130538
SUNPHARMA,0,Stable Quality,1.0696965935149902
TATACONSUM,4,Growth & Profitability,1.6104220931452893
TATAMOTORS,0,Stable Quality,0.4958941491380539
TATAPOWER,4,Growth & Profitability,0.8379867148771772
TATASTEEL,0,Stable Quality,0.35829086136081056
TCS,0,Stable Quality,0.5017676733231649
TECHM,0,Stable Quality,0.27052013841095973
TITAN,4,Growth & Profitability,0.5789729236740195
TORNTPHARM,0,Stable Quality,0.2872030863105812
TRENT,4,Growth & Profitability,2.3318619346880043
TVSMOTOR,4,Growth & Profitability,1.2646100431509655
