company_id,year,cash_from_operations_cr,distress_flag,distress_status
ABB,Dec 2012,101.0,False,Unavailable - CFF not in source
ABB,Mar 2014,155.0,False,Unavailable - CFF not in source
ABB,Mar 2014,0.0,False,Unavailable - CFF not in source
ABB,Mar 2015,215.0,False,Unavailable - CFF not in source
ABB,Mar 2015,-35.0,False,Unavailable - CFF not in source
ABB,Mar 2016,249.0,False,Unavailable - CFF not in source
ABB,Mar 2016,1544.0,False,Unavailable - CFF not in source
ABB,Mar 2017,307.0,False,Unavailable - CFF not in source
ABB,Mar 2017,2189.0,False,Unavailable - CFF not in source
ABB,Mar 2018,153.0,False,Unavailable - CFF not in source
ABB,Mar 2018,2198.0,False,Unavailable - CFF not in source
ABB,Mar 2019,499.0,False,Unavailable - CFF not in source
ABB,Mar 2019,2591.0,False,Unavailable - CFF not in source
ABB,Mar 2020,626.0,False,Unavailable - CFF not in source
ABB,Mar 2020,5437.0,False,Unavailable - CFF not in source
ABB,Mar 2021,727.0,False,Unavailable - CFF not in source
ABB,Mar 2021,3784.0,False,Unavailable - CFF not in source
ABB,Mar 2022,948.0,False,Unavailable - CFF not in source
ABB,Mar 2022,4097.0,False,Unavailable - CFF not in source
ABB,Mar 2023,893.0,False,Unavailable - CFF not in source
ABB,Mar 2023,3777.0,False,Unavailable - CFF not in source
ABB,Mar 2024,1213.0,False,Unavailable - CFF not in source
ABB,Mar 2024,6038.0,False,Unavailable - CFF not in source
ADANIENSOL,Mar 2014,0.0,False,Unavailable - CFF not in source
ADANIENSOL,Mar 2015,-35.0,False,Unavailable - CFF not in source
ADANIENSOL,Mar 2016,1544.0,False,Unavailable - CFF not in source
ADANIENSOL,Mar 2017,2189.0,False,Unavailable - CFF not in source
ADANIENSOL,Mar 2018,2198.0,False,Unavailable - CFF not in source
ADANIENSOL,Mar 2019,2591.0,False,Unavailable - CFF not in source
ADANIENSOL,Mar 2020,5437.0,False,Unavailable - CFF not in source
ADANIENSOL,Mar 2021,3784.0,False,Unavailable - CFF not in source
ADANIENSOL,Mar 2022,4097.0,False,Unavailable - CFF not in source
ADANIENSOL,Mar 2023,3777.0,False,Unavailable - CFF not in source
ADANIENSOL,Mar 2024,6038.0,False,Unavailable - CFF not in source
ADANIENT,Mar 2013,7666.0,False,Unavailable - CFF not in source
ADANIENT,Mar 2014,8228.0,False,Unavailable - CFF not in source
ADANIENT,Mar 2015,8532.0,False,Unavailable - CFF not in source
ADANIENT,Mar 2016,5112.0,False,Unavailable - CFF not in source
ADANIENT,Mar 2017,774.0,False,Unavailable - CFF not in source
ADANIENT,Mar 2018,2942.0,False,Unavailable - CFF not in source
ADANIENT,Mar 2019,3236.0,False,Unavailable - CFF not in source
ADANIENT,Mar 2020,2454.0,False,Unavailable - CFF not in source
ADANIENT,Mar 2021,4043.0,False,Unavailable - CFF not in source
ADANIENT,Mar 2022,1385.0,False,Unavailable - CFF not in source
ADANIENT,Mar 2023,17626.0,False,Unavailable - CFF not in source
ADANIENT,Mar 2024,10312.0,False,Unavailable - CFF not in source
ADANIGREEN,Mar 2017,28.0,False,Unavailable - CFF not in source
ADANIGREEN,Mar 2018,649.0,False,Unavailable - CFF not in source
ADANIGREEN,Mar 2019,1625.0,False,Unavailable - CFF not in source
ADANIGREEN,Mar 2020,1965.0,False,Unavailable - CFF not in source
ADANIGREEN,Mar 2021,1601.0,False,Unavailable - CFF not in source
ADANIGREEN,Mar 2022,3127.0,False,Unavailable - CFF not in source
ADANIGREEN,Mar 2023,7265.0,False,Unavailable - CFF not in source
ADANIGREEN,Mar 2024,7713.0,False,Unavailable - CFF not in source
ADANIPORTS,Mar 2013,1379.0,False,Unavailable - CFF not in source
ADANIPORTS,Mar 2014,1132.0,False,Unavailable - CFF not in source
ADANIPORTS,Mar 2015,3057.0,False,Unavailable - CFF not in source
ADANIPORTS,Mar 2016,2381.0,False,Unavailable - CFF not in source
ADANIPORTS,Mar 2017,4063.0,False,Unavailable - CFF not in source
ADANIPORTS,Mar 2018,5608.0,False,Unavailable - CFF not in source
ADANIPORTS,Mar 2019,6029.0,False,Unavailable - CFF not in source
ADANIPORTS,Mar 2020,7402.0,False,Unavailable - CFF not in source
ADANIPORTS,Mar 2021,7556.0,False,Unavailable - CFF not in source
ADANIPORTS,Mar 2022,10420.0,False,Unavailable - CFF not in source
ADANIPORTS,Mar 2023,11900.0,False,Unavailable - CFF not in source
ADANIPORTS,Mar 2024,15018.0,False,Unavailable - CFF not in source
ADANIPORTS,Mar 2013,1379.0,False,Unavailable - CFF not in source
ADANIPORTS,Mar 2014,1132.0,False,Unavailable - CFF not in source
ADANIPORTS,Mar 2015,3057.0,False,Unavailable - CFF not in source
ADANIPORTS,Mar 2016,2381.0,False,Unavailable - CFF not in source
ADANIPORTS,Mar 2017,4063.0,False,Unavailable - CFF not in source
ADANIPORTS,Mar 2018,5608.0,False,Unavailable - CFF not in source
ADANIPORTS,Mar 2019,6029.0,False,Unavailable - CFF not in source
ADANIPORTS,Mar 2020,7402.0,False,Unavailable - CFF not in source
ADANIPORTS,Mar 2021,7556.0,False,Unavailable - CFF not in source
ADANIPORTS,Mar 2022,10420.0,False,Unavailable - CFF not in source
ADANIPORTS,Mar 2023,11900.0,False,Unavailable - CFF not in source
ADANIPORTS,Mar 2024,15018.0,False,Unavailable - CFF not in source
ADANIPOWER,Mar 2013,3001.0,False,Unavailable - CFF not in source
ADANIPOWER,Mar 2014,3238.0,False,Unavailable - CFF not in source
ADANIPOWER,Mar 2015,5824.0,False,Unavailable - CFF not in source
ADANIPOWER,Mar 2016,5257.0,False,Unavailable - CFF not in source
ADANIPOWER,Mar 2017,4725.0,False,Unavailable - CFF not in source
ADANIPOWER,Mar 2018,5101.0,False,Unavailable - CFF not in source
ADANIPOWER,Mar 2019,5610.0,False,Unavailable - CFF not in source
ADANIPOWER,Mar 2020,5598.0,False,Unavailable - CFF not in source
ADANIPOWER,Mar 2021,7014.0,False,Unavailable - CFF not in source
ADANIPOWER,Mar 2022,10233.0,False,Unavailable - CFF not in source
ADANIPOWER,Mar 2023,8431.0,False,Unavailable - CFF not in source
ADANIPOWER,Mar 2024,14170.0,False,Unavailable - CFF not in source
AMBUJACEM,Dec 2012,1860.0,False,Unavailable - CFF not in source
AMBUJACEM,Dec 2013,1267.0,False,Unavailable - CFF not in source
AMBUJACEM,Dec 2014,1675.0,False,Unavailable - CFF not in source
AMBUJACEM,Dec 2015,1557.0,False,Unavailable - CFF not in source
AMBUJACEM,Dec 2016,2810.0,False,Unavailable - CFF not in source
AMBUJACEM,Dec 2017,3416.0,False,Unavailable - CFF not in source
AMBUJACEM,Dec 2018,1703.0,False,Unavailable - CFF not in source
AMBUJACEM,Dec 2019,4739.0,False,Unavailable - CFF not in source
AMBUJACEM,Dec 2020,4832.0,False,Unavailable - CFF not in source
AMBUJACEM,Dec 2021,5309.0,False,Unavailable - CFF not in source
AMBUJACEM,Mar 2024,5646.0,False,Unavailable - CFF not in source
APOLLOHOSP,Mar 2013,443.0,False,Unavailable - CFF not in source
APOLLOHOSP,Mar 2014,373.0,False,Unavailable - CFF not in source
APOLLOHOSP,Mar 2015,470.0,False,Unavailable - CFF not in source
APOLLOHOSP,Mar 2016,597.0,False,Unavailable - CFF not in source
APOLLOHOSP,Mar 2017,623.0,False,Unavailable - CFF not in source
APOLLOHOSP,Mar 2018,537.0,False,Unavailable - CFF not in source
APOLLOHOSP,Mar 2019,905.0,False,Unavailable - CFF not in source
APOLLOHOSP,Mar 2020,1293.0,False,Unavailable - CFF not in source
APOLLOHOSP,Mar 2021,1265.0,False,Unavailable - CFF not in source
APOLLOHOSP,Mar 2022,1696.0,False,Unavailable - CFF not in source
APOLLOHOSP,Mar 2023,1377.0,False,Unavailable - CFF not in source
APOLLOHOSP,Mar 2024,1920.0,False,Unavailable - CFF not in source
ASIANPAINT,Mar 2013,1187.0,False,Unavailable - CFF not in source
ASIANPAINT,Mar 2013,1187.0,False,Unavailable - CFF not in source
ASIANPAINT,Mar 2014,1402.0,False,Unavailable - CFF not in source
ASIANPAINT,Mar 2014,1402.0,False,Unavailable - CFF not in source
ASIANPAINT,Mar 2015,1188.0,False,Unavailable - CFF not in source
ASIANPAINT,Mar 2015,1188.0,False,Unavailable - CFF not in source
ASIANPAINT,Mar 2016,2243.0,False,Unavailable - CFF not in source
ASIANPAINT,Mar 2016,2243.0,False,Unavailable - CFF not in source
ASIANPAINT,Mar 2017,1527.0,False,Unavailable - CFF not in source
ASIANPAINT,Mar 2017,1527.0,False,Unavailable - CFF not in source
ASIANPAINT,Mar 2018,2113.0,False,Unavailable - CFF not in source
ASIANPAINT,Mar 2018,2113.0,False,Unavailable - CFF not in source
ASIANPAINT,Mar 2019,2470.0,False,Unavailable - CFF not in source
ASIANPAINT,Mar 2019,2470.0,False,Unavailable - CFF not in source
ASIANPAINT,Mar 2020,3038.0,False,Unavailable - CFF not in source
ASIANPAINT,Mar 2020,3038.0,False,Unavailable - CFF not in source
ASIANPAINT,Mar 2021,3683.0,False,Unavailable - CFF not in source
ASIANPAINT,Mar 2021,3683.0,False,Unavailable - CFF not in source
ASIANPAINT,Mar 2022,986.0,False,Unavailable - CFF not in source
ASIANPAINT,Mar 2022,986.0,False,Unavailable - CFF not in source
ASIANPAINT,Mar 2023,4193.0,False,Unavailable - CFF not in source
ASIANPAINT,Mar 2023,4193.0,False,Unavailable - CFF not in source
ASIANPAINT,Mar 2024,6104.0,False,Unavailable - CFF not in source
ASIANPAINT,Mar 2024,6104.0,False,Unavailable - CFF not in source
BAJAJ-AUTO,Mar 2013,2218.0,False,Unavailable - CFF not in source
BAJAJ-AUTO,Mar 2013,2218.0,False,Unavailable - CFF not in source
BAJAJ-AUTO,Mar 2014,3502.0,False,Unavailable - CFF not in source
BAJAJ-AUTO,Mar 2014,3502.0,False,Unavailable - CFF not in source
BAJAJ-AUTO,Mar 2015,2114.0,False,Unavailable - CFF not in source
BAJAJ-AUTO,Mar 2015,2114.0,False,Unavailable - CFF not in source
BAJAJ-AUTO,Mar 2016,3690.0,False,Unavailable - CFF not in source
BAJAJ-AUTO,Mar 2016,3690.0,False,Unavailable - CFF not in source
BAJAJ-AUTO,Mar 2017,3267.0,False,Unavailable - CFF not in source
BAJAJ-AUTO,Mar 2017,3267.0,False,Unavailable - CFF not in source
BAJAJ-AUTO,Mar 2018,4328.0,False,Unavailable - CFF not in source
BAJAJ-AUTO,Mar 2018,4328.0,False,Unavailable - CFF not in source
BAJAJ-AUTO,Mar 2019,2487.0,False,Unavailable - CFF not in source
BAJAJ-AUTO,Mar 2019,2487.0,False,Unavailable - CFF not in source
BAJAJ-AUTO,Mar 2020,3850.0,False,Unavailable - CFF not in source
BAJAJ-AUTO,Mar 2020,3850.0,False,Unavailable - CFF not in source
BAJAJ-AUTO,Mar 2021,3120.0,False,Unavailable - CFF not in source
BAJAJ-AUTO,Mar 2021,3120.0,False,Unavailable - CFF not in source
BAJAJ-AUTO,Mar 2022,4197.0,False,Unavailable - CFF not in source
BAJAJ-AUTO,Mar 2022,4197.0,False,Unavailable - CFF not in source
BAJAJ-AUTO,Mar 2023,5277.0,False,Unavailable - CFF not in source
BAJAJ-AUTO,Mar 2023,5277.0,False,Unavailable - CFF not in source
BAJAJ-AUTO,Mar 2024,6558.0,False,Unavailable - CFF not in source
BAJAJ-AUTO,Mar 2024,6558.0,False,Unavailable - CFF not in source
AXISBANK,Mar 2013,2573.0,False,Unavailable - CFF not in source
AXISBANK,Mar 2014,14464.0,False,Unavailable - CFF not in source
AXISBANK,Mar 2015,-15162.0,False,Unavailable - CFF not in source
AXISBANK,Mar 2016,-34495.0,False,Unavailable - CFF not in source
AXISBANK,Mar 2017,32209.0,False,Unavailable - CFF not in source
AXISBANK,Mar 2018,-38390.0,False,Unavailable - CFF not in source
AXISBANK,Mar 2019,37125.0,False,Unavailable - CFF not in source
AXISBANK,Mar 2020,30416.0,False,Unavailable - CFF not in source
AXISBANK,Mar 2021,12633.0,False,Unavailable - CFF not in source
AXISBANK,Mar 2022,28137.0,False,Unavailable - CFF not in source
AXISBANK,Mar 2023,22075.0,False,Unavailable - CFF not in source
AXISBANK,Mar 2024,-5555.0,False,Unavailable - CFF not in source
BAJAJFINSV,Mar 2013,-6922.0,False,Unavailable - CFF not in source
BAJAJFINSV,Mar 2014,-9807.0,False,Unavailable - CFF not in source
BAJAJFINSV,Mar 2015,-10731.0,False,Unavailable - CFF not in source
BAJAJFINSV,Mar 2016,-9795.0,False,Unavailable - CFF not in source
BAJAJFINSV,Mar 2017,-10922.0,False,Unavailable - CFF not in source
BAJAJFINSV,Mar 2018,-19580.0,False,Unavailable - CFF not in source
BAJAJFINSV,Mar 2019,-27076.0,False,Unavailable - CFF not in source
BAJAJFINSV,Mar 2020,-23369.0,False,Unavailable - CFF not in source
BAJAJFINSV,Mar 2021,4547.0,False,Unavailable - CFF not in source
BAJAJFINSV,Mar 2022,-33670.0,False,Unavailable - CFF not in source
BAJAJFINSV,Mar 2023,-39480.0,False,Unavailable - CFF not in source
BAJAJFINSV,Mar 2024,-68674.0,False,Unavailable - CFF not in source
BAJAJHLDNG,Mar 2013,473.0,False,Unavailable - CFF not in source
BAJAJHLDNG,Mar 2014,872.0,False,Unavailable - CFF not in source
BAJAJHLDNG,Mar 2015,796.0,False,Unavailable - CFF not in source
BAJAJHLDNG,Mar 2016,1147.0,False,Unavailable - CFF not in source
BAJAJHLDNG,Mar 2017,-923.0,False,Unavailable - CFF not in source
BAJAJHLDNG,Mar 2018,1631.0,False,Unavailable - CFF not in source
BAJAJHLDNG,Mar 2019,628.0,False,Unavailable - CFF not in source
BAJAJHLDNG,Mar 2020,1920.0,False,Unavailable - CFF not in source
BAJAJHLDNG,Mar 2021,272.0,False,Unavailable - CFF not in source
BAJAJHLDNG,Mar 2022,1610.0,False,Unavailable - CFF not in source
BAJAJHLDNG,Mar 2023,1728.0,False,Unavailable - CFF not in source
BAJAJHLDNG,Mar 2024,1941.0,False,Unavailable - CFF not in source
BAJFINANCE,Mar 2015,-7064.0,False,Unavailable - CFF not in source
BAJFINANCE,Mar 2016,-9870.0,False,Unavailable - CFF not in source
BAJFINANCE,Mar 2017,-10439.0,False,Unavailable - CFF not in source
BAJFINANCE,Mar 2018,-20566.0,False,Unavailable - CFF not in source
BAJFINANCE,Mar 2019,-29062.0,False,Unavailable - CFF not in source
BAJFINANCE,Mar 2020,-24412.0,False,Unavailable - CFF not in source
BAJFINANCE,Mar 2021,-807.0,False,Unavailable - CFF not in source
BAJFINANCE,Mar 2022,-37090.0,False,Unavailable - CFF not in source
BAJFINANCE,Mar 2023,-42112.0,False,Unavailable - CFF not in source
BAJFINANCE,Mar 2024,-72760.0,False,Unavailable - CFF not in source
BANKBARODA,Mar 2013,23196.0,False,Unavailable - CFF not in source
BANKBARODA,Mar 2014,42233.0,False,Unavailable - CFF not in source
BANKBARODA,Mar 2015,17838.0,False,Unavailable - CFF not in source
BANKBARODA,Mar 2016,-10011.0,False,Unavailable - CFF not in source
BANKBARODA,Mar 2017,17865.0,False,Unavailable - CFF not in source
BANKBARODA,Mar 2018,-59692.0,False,Unavailable - CFF not in source
BANKBARODA,Mar 2019,-1449.0,False,Unavailable - CFF not in source
BANKBARODA,Mar 2020,18531.0,False,Unavailable - CFF not in source
BANKBARODA,Mar 2021,-887.0,False,Unavailable - CFF not in source
BANKBARODA,Mar 2022,6210.0,False,Unavailable - CFF not in source
BANKBARODA,Mar 2023,-21354.0,False,Unavailable - CFF not in source
BANKBARODA,Mar 2024,-6274.0,False,Unavailable - CFF not in source
BHARTIARTL,Mar 2013,22608.0,False,Unavailable - CFF not in source
BHARTIARTL,Mar 2014,26233.0,False,Unavailable - CFF not in source
BHARTIARTL,Mar 2015,28059.0,False,Unavailable - CFF not in source
BHARTIARTL,Mar 2016,27942.0,False,Unavailable - CFF not in source
BHARTIARTL,Mar 2017,28280.0,False,Unavailable - CFF not in source
BHARTIARTL,Mar 2018,29854.0,False,Unavailable - CFF not in source
BHARTIARTL,Mar 2019,20070.0,False,Unavailable - CFF not in source
BHARTIARTL,Mar 2020,18129.0,False,Unavailable - CFF not in source
BHARTIARTL,Mar 2021,48205.0,False,Unavailable - CFF not in source
BHARTIARTL,Mar 2022,55017.0,False,Unavailable - CFF not in source
BHARTIARTL,Mar 2023,65325.0,False,Unavailable - CFF not in source
BHARTIARTL,Mar 2024,78898.0,False,Unavailable - CFF not in source
BEL,Mar 2013,-1539.0,False,Unavailable - CFF not in source
BEL,Mar 2014,-569.0,False,Unavailable - CFF not in source
BEL,Mar 2015,1434.0,False,Unavailable - CFF not in source
BEL,Mar 2016,2260.0,False,Unavailable - CFF not in source
BEL,Mar 2017,-61.0,False,Unavailable - CFF not in source
BEL,Mar 2018,-687.0,False,Unavailable - CFF not in source
BEL,Mar 2019,1514.0,False,Unavailable - CFF not in source
BEL,Mar 2020,2570.0,False,Unavailable - CFF not in source
BEL,Mar 2021,5093.0,False,Unavailable - CFF not in source
BEL,Mar 2022,4207.0,False,Unavailable - CFF not in source
BEL,Mar 2023,1199.0,False,Unavailable - CFF not in source
BEL,Mar 2024,4659.0,False,Unavailable - CFF not in source
BHEL,Mar 2013,1759.0,False,Unavailable - CFF not in source
BHEL,Mar 2014,4512.0,False,Unavailable - CFF not in source
BHEL,Mar 2015,821.0,False,Unavailable - CFF not in source
BHEL,Mar 2016,374.0,False,Unavailable - CFF not in source
BHEL,Mar 2017,560.0,False,Unavailable - CFF not in source
BHEL,Mar 2018,989.0,False,Unavailable - CFF not in source
BHEL,Mar 2019,-3860.0,False,Unavailable - CFF not in source
BHEL,Mar 2020,-2892.0,False,Unavailable - CFF not in source
BHEL,Mar 2021,560.0,False,Unavailable - CFF not in source
BHEL,Mar 2022,660.0,False,Unavailable - CFF not in source
BHEL,Mar 2023,-741.0,False,Unavailable - CFF not in source
BHEL,Mar 2024,-3713.0,False,Unavailable - CFF not in source
BOSCHLTD,Dec 2012,871.0,False,Unavailable - CFF not in source
BOSCHLTD,Dec 2013,1057.0,False,Unavailable - CFF not in source
BOSCHLTD,Mar 2015,1396.0,False,Unavailable - CFF not in source
BOSCHLTD,Mar 2016,1318.0,False,Unavailable - CFF not in source
BOSCHLTD,Mar 2017,1457.0,False,Unavailable - CFF not in source
BOSCHLTD,Mar 2018,1729.0,False,Unavailable - CFF not in source
BOSCHLTD,Mar 2019,593.0,False,Unavailable - CFF not in source
BOSCHLTD,Mar 2020,1336.0,False,Unavailable - CFF not in source
BOSCHLTD,Mar 2021,835.0,False,Unavailable - CFF not in source
BOSCHLTD,Mar 2022,271.0,False,Unavailable - CFF not in source
BOSCHLTD,Mar 2023,1214.0,False,Unavailable - CFF not in source
BOSCHLTD,Mar 2024,1253.0,False,Unavailable - CFF not in source
BPCL,Mar 2013,5926.0,False,Unavailable - CFF not in source
BPCL,Mar 2014,9588.0,False,Unavailable - CFF not in source
BPCL,Mar 2015,20742.0,False,Unavailable - CFF not in source
BPCL,Mar 2016,11119.0,False,Unavailable - CFF not in source
BPCL,Mar 2017,9041.0,False,Unavailable - CFF not in source
BPCL,Mar 2018,11068.0,False,Unavailable - CFF not in source
BPCL,Mar 2019,10157.0,False,Unavailable - CFF not in source
BPCL,Mar 2020,7881.0,False,Unavailable - CFF not in source
BPCL,Mar 2021,23455.0,False,Unavailable - CFF not in source
BPCL,Mar 2022,20336.0,False,Unavailable - CFF not in source
BPCL,Mar 2023,12466.0,False,Unavailable - CFF not in source
BPCL,Mar 2024,35936.0,False,Unavailable - CFF not in source
BRITANNIA,Mar 2013,320.0,False,Unavailable - CFF not in source
BRITANNIA,Mar 2014,671.0,False,Unavailable - CFF not in source
BRITANNIA,Mar 2015,584.0,False,Unavailable - CFF not in source
BRITANNIA,Mar 2016,959.0,False,Unavailable - CFF not in source
BRITANNIA,Mar 2017,441.0,False,Unavailable - CFF not in source
BRITANNIA,Mar 2018,1249.0,False,Unavailable - CFF not in source
BRITANNIA,Mar 2019,1156.0,False,Unavailable - CFF not in source
BRITANNIA,Mar 2020,1485.0,False,Unavailable - CFF not in source
BRITANNIA,Mar 2021,1876.0,False,Unavailable - CFF not in source
BRITANNIA,Mar 2022,1300.0,False,Unavailable - CFF not in source
BRITANNIA,Mar 2023,2526.0,False,Unavailable - CFF not in source
BRITANNIA,Mar 2024,2573.0,False,Unavailable - CFF not in source
CANBK,Mar 2013,8010.0,False,Unavailable - CFF not in source
CANBK,Mar 2014,14244.0,False,Unavailable - CFF not in source
CANBK,Mar 2015,6344.0,False,Unavailable - CFF not in source
CANBK,Mar 2016,9346.0,False,Unavailable - CFF not in source
CANBK,Mar 2017,2575.0,False,Unavailable - CFF not in source
CANBK,Mar 2018,-11120.0,False,Unavailable - CFF not in source
CANBK,Mar 2019,18237.0,False,Unavailable - CFF not in source
CANBK,Mar 2020,-5289.0,False,Unavailable - CFF not in source
CANBK,Mar 2021,59118.0,False,Unavailable - CFF not in source
CANBK,Mar 2022,919.0,False,Unavailable - CFF not in source
CANBK,Mar 2023,-39978.0,False,Unavailable - CFF not in source
CANBK,Mar 2024,15046.0,False,Unavailable - CFF not in source
CHOLAFIN,Mar 2013,-3754.0,False,Unavailable - CFF not in source
CHOLAFIN,Mar 2014,-2447.0,False,Unavailable - CFF not in source
CHOLAFIN,Mar 2015,-2264.0,False,Unavailable - CFF not in source
CHOLAFIN,Mar 2016,-2809.0,False,Unavailable - CFF not in source
CHOLAFIN,Mar 2017,-1468.0,False,Unavailable - CFF not in source
CHOLAFIN,Mar 2018,-7926.0,False,Unavailable - CFF not in source
CHOLAFIN,Mar 2019,-9317.0,False,Unavailable - CFF not in source
CHOLAFIN,Mar 2020,-2075.0,False,Unavailable - CFF not in source
CHOLAFIN,Mar 2021,-8848.0,False,Unavailable - CFF not in source
CHOLAFIN,Mar 2022,-5571.0,False,Unavailable - CFF not in source
CHOLAFIN,Mar 2023,-27105.0,False,Unavailable - CFF not in source
CHOLAFIN,Mar 2024,-35683.0,False,Unavailable - CFF not in source
CIPLA,Mar 2013,1398.0,False,Unavailable - CFF not in source
CIPLA,Mar 2014,1563.0,False,Unavailable - CFF not in source
CIPLA,Mar 2015,1173.0,False,Unavailable - CFF not in source
CIPLA,Mar 2016,1741.0,False,Unavailable - CFF not in source
CIPLA,Mar 2017,2382.0,False,Unavailable - CFF not in source
CIPLA,Mar 2018,1463.0,False,Unavailable - CFF not in source
CIPLA,Mar 2019,1691.0,False,Unavailable - CFF not in source
CIPLA,Mar 2020,3068.0,False,Unavailable - CFF not in source
CIPLA,Mar 2021,3755.0,False,Unavailable - CFF not in source
CIPLA,Mar 2022,3326.0,False,Unavailable - CFF not in source
CIPLA,Mar 2023,3238.0,False,Unavailable - CFF not in source
CIPLA,Mar 2024,4134.0,False,Unavailable - CFF not in source
COALINDIA,Mar 2013,9109.0,False,Unavailable - CFF not in source
COALINDIA,Mar 2014,14525.0,False,Unavailable - CFF not in source
COALINDIA,Mar 2015,14382.0,False,Unavailable - CFF not in source
COALINDIA,Mar 2016,13154.0,False,Unavailable - CFF not in source
COALINDIA,Mar 2017,16461.0,False,Unavailable - CFF not in source
COALINDIA,Mar 2018,21115.0,False,Unavailable - CFF not in source
COALINDIA,Mar 2019,16356.0,False,Unavailable - CFF not in source
COALINDIA,Mar 2020,4977.0,False,Unavailable - CFF not in source
COALINDIA,Mar 2021,10592.0,False,Unavailable - CFF not in source
COALINDIA,Mar 2022,41107.0,False,Unavailable - CFF not in source
COALINDIA,Mar 2023,35734.0,False,Unavailable - CFF not in source
COALINDIA,Mar 2024,18103.0,False,Unavailable - CFF not in source
DABUR,Mar 2013,870.0,False,Unavailable - CFF not in source
DABUR,Mar 2014,1098.0,False,Unavailable - CFF not in source
DABUR,Mar 2015,1047.0,False,Unavailable - CFF not in source
DABUR,Mar 2016,1187.0,False,Unavailable - CFF not in source
DABUR,Mar 2017,1227.0,False,Unavailable - CFF not in source
DABUR,Mar 2018,1092.0,False,Unavailable - CFF not in source
DABUR,Mar 2019,1499.0,False,Unavailable - CFF not in source
DABUR,Mar 2020,1614.0,False,Unavailable - CFF not in source
DABUR,Mar 2021,2115.0,False,Unavailable - CFF not in source
DABUR,Mar 2022,1802.0,False,Unavailable - CFF not in source
DABUR,Mar 2023,1488.0,False,Unavailable - CFF not in source
DABUR,Mar 2024,2013.0,False,Unavailable - CFF not in source
DIVISLAB,Mar 2013,480.0,False,Unavailable - CFF not in source
DIVISLAB,Mar 2014,557.0,False,Unavailable - CFF not in source
DIVISLAB,Mar 2015,826.0,False,Unavailable - CFF not in source
DIVISLAB,Mar 2016,1038.0,False,Unavailable - CFF not in source
DIVISLAB,Mar 2017,1150.0,False,Unavailable - CFF not in source
DIVISLAB,Mar 2018,776.0,False,Unavailable - CFF not in source
DIVISLAB,Mar 2019,954.0,False,Unavailable - CFF not in source
DIVISLAB,Mar 2020,1216.0,False,Unavailable - CFF not in source
DIVISLAB,Mar 2021,1947.0,False,Unavailable - CFF not in source
DIVISLAB,Mar 2022,1912.0,False,Unavailable - CFF not in source
DIVISLAB,Mar 2023,2459.0,False,Unavailable - CFF not in source
DIVISLAB,Mar 2024,1261.0,False,Unavailable - CFF not in source
DLF,Mar 2013,2009.0,False,Unavailable - CFF not in source
DLF,Mar 2014,1468.0,False,Unavailable - CFF not in source
DLF,Mar 2015,2037.0,False,Unavailable - CFF not in source
DLF,Mar 2016,2957.0,False,Unavailable - CFF not in source
DLF,Mar 2017,-898.0,False,Unavailable - CFF not in source
DLF,Mar 2018,270.0,False,Unavailable - CFF not in source
DLF,Mar 2019,2043.0,False,Unavailable - CFF not in source
DLF,Mar 2020,356.0,False,Unavailable - CFF not in source
DLF,Mar 2021,1460.0,False,Unavailable - CFF not in source
DLF,Mar 2022,2832.0,False,Unavailable - CFF not in source
DLF,Mar 2023,2375.0,False,Unavailable - CFF not in source
DLF,Mar 2024,2539.0,False,Unavailable - CFF not in source
DMART,Mar 2013,127.0,False,Unavailable - CFF not in source
DMART,Mar 2014,198.0,False,Unavailable - CFF not in source
DMART,Mar 2015,222.0,False,Unavailable - CFF not in source
DMART,Mar 2016,433.0,False,Unavailable - CFF not in source
DMART,Mar 2017,455.0,False,Unavailable - CFF not in source
DMART,Mar 2018,730.0,False,Unavailable - CFF not in source
DMART,Mar 2019,807.0,False,Unavailable - CFF not in source
DMART,Mar 2020,1280.0,False,Unavailable - CFF not in source
DMART,Mar 2021,1375.0,False,Unavailable - CFF not in source
DMART,Mar 2022,1372.0,False,Unavailable - CFF not in source
DMART,Mar 2023,2630.0,False,Unavailable - CFF not in source
DMART,Mar 2024,2746.0,False,Unavailable - CFF not in source
DRREDDY,Mar 2013,1378.0,False,Unavailable - CFF not in source
DRREDDY,Mar 2014,1970.0,False,Unavailable - CFF not in source
DRREDDY,Mar 2015,2524.0,False,Unavailable - CFF not in source
DRREDDY,Mar 2016,3263.0,False,Unavailable - CFF not in source
DRREDDY,Mar 2017,2144.0,False,Unavailable - CFF not in source
DRREDDY,Mar 2018,1803.0,False,Unavailable - CFF not in source
DRREDDY,Mar 2019,2870.0,False,Unavailable - CFF not in source
DRREDDY,Mar 2020,2984.0,False,Unavailable - CFF not in source
DRREDDY,Mar 2021,3570.0,False,Unavailable - CFF not in source
DRREDDY,Mar 2022,2811.0,False,Unavailable - CFF not in source
DRREDDY,Mar 2023,5888.0,False,Unavailable - CFF not in source
DRREDDY,Mar 2024,4543.0,False,Unavailable - CFF not in source
EICHERMOT,Dec 2012,496.0,False,Unavailable - CFF not in source
EICHERMOT,Dec 2013,716.0,False,Unavailable - CFF not in source
EICHERMOT,Dec 2014,1047.0,False,Unavailable - CFF not in source
EICHERMOT,Mar 2016,1463.0,False,Unavailable - CFF not in source
EICHERMOT,Mar 2017,1708.0,False,Unavailable - CFF not in source
EICHERMOT,Mar 2018,2482.0,False,Unavailable - CFF not in source
EICHERMOT,Mar 2019,1575.0,False,Unavailable - CFF not in source
EICHERMOT,Mar 2020,1694.0,False,Unavailable - CFF not in source
EICHERMOT,Mar 2021,1691.0,False,Unavailable - CFF not in source
EICHERMOT,Mar 2022,1527.0,False,Unavailable - CFF not in source
EICHERMOT,Mar 2023,2823.0,False,Unavailable - CFF not in source
EICHERMOT,Mar 2024,3724.0,False,Unavailable - CFF not in source
GAIL,Mar 2013,6603.0,False,Unavailable - CFF not in source
GAIL,Mar 2014,4615.0,False,Unavailable - CFF not in source
GAIL,Mar 2015,4214.0,False,Unavailable - CFF not in source
GAIL,Mar 2016,3960.0,False,Unavailable - CFF not in source
GAIL,Mar 2017,6024.0,False,Unavailable - CFF not in source
GAIL,Mar 2018,8769.0,False,Unavailable - CFF not in source
GAIL,Mar 2019,7984.0,False,Unavailable - CFF not in source
GAIL,Mar 2020,8345.0,False,Unavailable - CFF not in source
GAIL,Mar 2021,8993.0,False,Unavailable - CFF not in source
GAIL,Mar 2022,9420.0,False,Unavailable - CFF not in source
GAIL,Mar 2023,3205.0,False,Unavailable - CFF not in source
GAIL,Mar 2024,12586.0,False,Unavailable - CFF not in source
GODREJCP,Mar 2013,820.0,False,Unavailable - CFF not in source
GODREJCP,Mar 2014,1116.0,False,Unavailable - CFF not in source
GODREJCP,Mar 2015,1027.0,False,Unavailable - CFF not in source
GODREJCP,Mar 2016,847.0,False,Unavailable - CFF not in source
GODREJCP,Mar 2017,1860.0,False,Unavailable - CFF not in source
GODREJCP,Mar 2018,1723.0,False,Unavailable - CFF not in source
GODREJCP,Mar 2019,1729.0,False,Unavailable - CFF not in source
GODREJCP,Mar 2020,1588.0,False,Unavailable - CFF not in source
GODREJCP,Mar 2021,2030.0,False,Unavailable - CFF not in source
GODREJCP,Mar 2022,1451.0,False,Unavailable - CFF not in source
GODREJCP,Mar 2023,2151.0,False,Unavailable - CFF not in source
GODREJCP,Mar 2024,2070.0,False,Unavailable - CFF not in source
GRASIM,Mar 2013,4242.0,False,Unavailable - CFF not in source
GRASIM,Mar 2014,3549.0,False,Unavailable - CFF not in source
GRASIM,Mar 2015,4594.0,False,Unavailable - CFF not in source
GRASIM,Mar 2016,5868.0,False,Unavailable - CFF not in source
GRASIM,Mar 2017,7288.0,False,Unavailable - CFF not in source
GRASIM,Mar 2018,-4140.0,False,Unavailable - CFF not in source
GRASIM,Mar 2019,-1659.0,False,Unavailable - CFF not in source
GRASIM,Mar 2020,16620.0,False,Unavailable - CFF not in source
GRASIM,Mar 2021,15075.0,False,Unavailable - CFF not in source
GRASIM,Mar 2022,7038.0,False,Unavailable - CFF not in source
GRASIM,Mar 2023,-12685.0,False,Unavailable - CFF not in source
GRASIM,Mar 2024,-10719.0,False,Unavailable - CFF not in source
HAL,Mar 2017,-423.0,False,Unavailable - CFF not in source
HAL,Mar 2018,-734.0,False,Unavailable - CFF not in source
HAL,Mar 2019,-7694.0,False,Unavailable - CFF not in source
HAL,Mar 2020,1537.0,False,Unavailable - CFF not in source
HAL,Mar 2021,15124.0,False,Unavailable - CFF not in source
HAL,Mar 2022,10180.0,False,Unavailable - CFF not in source
HAL,Mar 2023,8836.0,False,Unavailable - CFF not in source
HAL,Mar 2024,8226.0,False,Unavailable - CFF not in source
HAVELLS,Mar 2013,638.0,False,Unavailable - CFF not in source
HAVELLS,Mar 2014,868.0,False,Unavailable - CFF not in source
HAVELLS,Mar 2015,963.0,False,Unavailable - CFF not in source
HAVELLS,Mar 2016,513.0,False,Unavailable - CFF not in source
HAVELLS,Mar 2017,767.0,False,Unavailable - CFF not in source
HAVELLS,Mar 2018,1100.0,False,Unavailable - CFF not in source
HAVELLS,Mar 2019,501.0,False,Unavailable - CFF not in source
HAVELLS,Mar 2020,827.0,False,Unavailable - CFF not in source
HAVELLS,Mar 2021,660.0,False,Unavailable - CFF not in source
HAVELLS,Mar 2022,1728.0,False,Unavailable - CFF not in source
HAVELLS,Mar 2023,565.0,False,Unavailable - CFF not in source
HAVELLS,Mar 2024,1953.0,False,Unavailable - CFF not in source
HCLTECH,Jun 2013,4492.0,False,Unavailable - CFF not in source
HCLTECH,Jun 2014,6457.0,False,Unavailable - CFF not in source
HCLTECH,Jun 2015,5539.0,False,Unavailable - CFF not in source
HCLTECH,Mar 2017,8995.0,False,Unavailable - CFF not in source
HCLTECH,Mar 2018,8328.0,False,Unavailable - CFF not in source
HCLTECH,Mar 2019,8971.0,False,Unavailable - CFF not in source
HCLTECH,Mar 2020,13359.0,False,Unavailable - CFF not in source
HCLTECH,Mar 2021,19618.0,False,Unavailable - CFF not in source
HCLTECH,Mar 2022,16900.0,False,Unavailable - CFF not in source
HCLTECH,Mar 2023,18009.0,False,Unavailable - CFF not in source
HCLTECH,Mar 2024,22448.0,False,Unavailable - CFF not in source
HDFCBANK,Mar 2013,-5847.0,False,Unavailable - CFF not in source
HDFCBANK,Mar 2014,4211.0,False,Unavailable - CFF not in source
HDFCBANK,Mar 2015,-21281.0,False,Unavailable - CFF not in source
HDFCBANK,Mar 2016,-34435.0,False,Unavailable - CFF not in source
HDFCBANK,Mar 2017,17282.0,False,Unavailable - CFF not in source
HDFCBANK,Mar 2018,17214.0,False,Unavailable - CFF not in source
HDFCBANK,Mar 2019,-62872.0,False,Unavailable - CFF not in source
HDFCBANK,Mar 2020,-16869.0,False,Unavailable - CFF not in source
HDFCBANK,Mar 2021,42476.0,False,Unavailable - CFF not in source
HDFCBANK,Mar 2022,-11960.0,False,Unavailable - CFF not in source
HDFCBANK,Mar 2023,20814.0,False,Unavailable - CFF not in source
HDFCBANK,Mar 2024,19069.0,False,Unavailable - CFF not in source
HDFCLIFE,Mar 2013,,False,Unavailable - CFF not in source
HDFCLIFE,Mar 2014,,False,Unavailable - CFF not in source
HDFCLIFE,Mar 2015,4459.0,False,Unavailable - CFF not in source
HDFCLIFE,Mar 2016,5687.0,False,Unavailable - CFF not in source
HDFCLIFE,Mar 2017,6230.0,False,Unavailable - CFF not in source
HDFCLIFE,Mar 2018,6739.0,False,Unavailable - CFF not in source
HDFCLIFE,Mar 2019,9868.0,False,Unavailable - CFF not in source
HDFCLIFE,Mar 2020,7388.0,False,Unavailable - CFF not in source
HDFCLIFE,Mar 2021,9703.0,False,Unavailable - CFF not in source
HDFCLIFE,Mar 2022,5943.0,False,Unavailable - CFF not in source
HDFCLIFE,Mar 2023,6883.0,False,Unavailable - CFF not in source
HDFCLIFE,Mar 2024,10721.0,False,Unavailable - CFF not in source
HEROMOTOCO,Mar 2014,2963.0,False,Unavailable - CFF not in source
HEROMOTOCO,Mar 2015,2186.0,False,Unavailable - CFF not in source
HEROMOTOCO,Mar 2016,3722.0,False,Unavailable - CFF not in source
HEROMOTOCO,Mar 2017,4007.0,False,Unavailable - CFF not in source
HEROMOTOCO,Mar 2018,4017.0,False,Unavailable - CFF not in source
HEROMOTOCO,Mar 2019,1032.0,False,Unavailable - CFF not in source
HEROMOTOCO,Mar 2020,5518.0,False,Unavailable - CFF not in source
HEROMOTOCO,Mar 2021,4110.0,False,Unavailable - CFF not in source
HEROMOTOCO,Mar 2022,2104.0,False,Unavailable - CFF not in source
HEROMOTOCO,Mar 2023,2614.0,False,Unavailable - CFF not in source
HEROMOTOCO,Mar 2024,4923.0,False,Unavailable - CFF not in source
HINDALCO,Mar 2013,2977.0,False,Unavailable - CFF not in source
HINDALCO,Mar 2014,7956.0,False,Unavailable - CFF not in source
HINDALCO,Mar 2015,7143.0,False,Unavailable - CFF not in source
HINDALCO,Mar 2016,11688.0,False,Unavailable - CFF not in source
HINDALCO,Mar 2017,12687.0,False,Unavailable - CFF not in source
HINDALCO,Mar 2018,10898.0,False,Unavailable - CFF not in source
HINDALCO,Mar 2019,11977.0,False,Unavailable - CFF not in source
HINDALCO,Mar 2020,12745.0,False,Unavailable - CFF not in source
HINDALCO,Mar 2021,17232.0,False,Unavailable - CFF not in source
HINDALCO,Mar 2022,16838.0,False,Unavailable - CFF not in source
HINDALCO,Mar 2023,19208.0,False,Unavailable - CFF not in source
HINDALCO,Mar 2024,24056.0,False,Unavailable - CFF not in source
HINDUNILVR,Mar 2013,3605.0,False,Unavailable - CFF not in source
HINDUNILVR,Mar 2014,3818.0,False,Unavailable - CFF not in source
HINDUNILVR,Mar 2015,3292.0,False,Unavailable - CFF not in source
HINDUNILVR,Mar 2016,4171.0,False,Unavailable - CFF not in source
HINDUNILVR,Mar 2017,5185.0,False,Unavailable - CFF not in source
HINDUNILVR,Mar 2018,6059.0,False,Unavailable - CFF not in source
HINDUNILVR,Mar 2019,5800.0,False,Unavailable - CFF not in source
HINDUNILVR,Mar 2020,7623.0,False,Unavailable - CFF not in source
HINDUNILVR,Mar 2021,9163.0,False,Unavailable - CFF not in source
HINDUNILVR,Mar 2022,9048.0,False,Unavailable - CFF not in source
HINDUNILVR,Mar 2023,9991.0,False,Unavailable - CFF not in source
HINDUNILVR,Mar 2024,15469.0,False,Unavailable - CFF not in source
ICICIBANK,Mar 2013,17494.0,False,Unavailable - CFF not in source
ICICIBANK,Mar 2014,6765.0,False,Unavailable - CFF not in source
ICICIBANK,Mar 2015,-12273.0,False,Unavailable - CFF not in source
ICICIBANK,Mar 2016,23645.0,False,Unavailable - CFF not in source
ICICIBANK,Mar 2017,52636.0,False,Unavailable - CFF not in source
ICICIBANK,Mar 2018,19383.0,False,Unavailable - CFF not in source
ICICIBANK,Mar 2019,48671.0,False,Unavailable - CFF not in source
ICICIBANK,Mar 2020,79565.0,False,Unavailable - CFF not in source
ICICIBANK,Mar 2021,138015.0,False,Unavailable - CFF not in source
ICICIBANK,Mar 2022,58111.0,False,Unavailable - CFF not in source
ICICIBANK,Mar 2023,-3771.0,False,Unavailable - CFF not in source
ICICIBANK,Mar 2024,157284.0,False,Unavailable - CFF not in source
ICICIGI,Mar 2013,984.0,False,Unavailable - CFF not in source
ICICIGI,Mar 2014,595.0,False,Unavailable - CFF not in source
ICICIGI,Mar 2015,-98.0,False,Unavailable - CFF not in source
ICICIGI,Mar 2016,511.0,False,Unavailable - CFF not in source
ICICIGI,Mar 2017,1628.0,False,Unavailable - CFF not in source
ICICIGI,Mar 2018,2390.0,False,Unavailable - CFF not in source
ICICIGI,Mar 2019,2976.0,False,Unavailable - CFF not in source
ICICIGI,Mar 2020,3433.0,False,Unavailable - CFF not in source
ICICIGI,Mar 2021,1774.0,False,Unavailable - CFF not in source
ICICIGI,Mar 2022,809.0,False,Unavailable - CFF not in source
ICICIGI,Mar 2023,2290.0,False,Unavailable - CFF not in source
ICICIGI,Mar 2024,2407.0,False,Unavailable - CFF not in source
ICICIPRULI,Mar 2013,-2641.0,False,Unavailable - CFF not in source
ICICIPRULI,Mar 2014,-2382.0,False,Unavailable - CFF not in source
ICICIPRULI,Mar 2015,523.0,False,Unavailable - CFF not in source
ICICIPRULI,Mar 2016,3634.0,False,Unavailable - CFF not in source
ICICIPRULI,Mar 2017,4130.0,False,Unavailable - CFF not in source
ICICIPRULI,Mar 2018,5690.0,False,Unavailable - CFF not in source
ICICIPRULI,Mar 2019,11377.0,False,Unavailable - CFF not in source
ICICIPRULI,Mar 2020,8596.0,False,Unavailable - CFF not in source
ICICIPRULI,Mar 2021,7314.0,False,Unavailable - CFF not in source
ICICIPRULI,Mar 2022,1831.0,False,Unavailable - CFF not in source
ICICIPRULI,Mar 2023,89.0,False,Unavailable - CFF not in source
ICICIPRULI,Mar 2024,-7315.0,False,Unavailable - CFF not in source
INDUSINDBK,Mar 2013,-486.0,False,Unavailable - CFF not in source
INDUSINDBK,Mar 2014,-4106.0,False,Unavailable - CFF not in source
INDUSINDBK,Mar 2015,-1421.0,False,Unavailable - CFF not in source
INDUSINDBK,Mar 2016,-2927.0,False,Unavailable - CFF not in source
INDUSINDBK,Mar 2017,11569.0,False,Unavailable - CFF not in source
INDUSINDBK,Mar 2018,-20700.0,False,Unavailable - CFF not in source
INDUSINDBK,Mar 2019,-6389.0,False,Unavailable - CFF not in source
INDUSINDBK,Mar 2020,-12039.0,False,Unavailable - CFF not in source
INDUSINDBK,Mar 2021,44646.0,False,Unavailable - CFF not in source
INDUSINDBK,Mar 2022,16600.0,False,Unavailable - CFF not in source
INDUSINDBK,Mar 2023,-12438.0,False,Unavailable - CFF not in source
INDUSINDBK,Mar 2024,-16843.0,False,Unavailable - CFF not in source
INFY,Mar 2013,7373.0,False,Unavailable - CFF not in source
INFY,Mar 2014,9825.0,False,Unavailable - CFF not in source
INFY,Mar 2015,8353.0,False,Unavailable - CFF not in source
INFY,Mar 2016,10028.0,False,Unavailable - CFF not in source
INFY,Mar 2017,11531.0,False,Unavailable - CFF not in source
INFY,Mar 2018,13218.0,False,Unavailable - CFF not in source
INFY,Mar 2019,14841.0,False,Unavailable - CFF not in source
INFY,Mar 2020,17003.0,False,Unavailable - CFF not in source
INFY,Mar 2021,23224.0,False,Unavailable - CFF not in source
INFY,Mar 2022,23885.0,False,Unavailable - CFF not in source
INFY,Mar 2023,22467.0,False,Unavailable - CFF not in source
INFY,Mar 2024,25210.0,False,Unavailable - CFF not in source
IOC,Mar 2013,9340.0,False,Unavailable - CFF not in source
IOC,Mar 2014,24195.0,False,Unavailable - CFF not in source
IOC,Mar 2015,46092.0,False,Unavailable - CFF not in source
IOC,Mar 2016,25624.0,False,Unavailable - CFF not in source
IOC,Mar 2017,28216.0,False,Unavailable - CFF not in source
IOC,Mar 2018,29115.0,False,Unavailable - CFF not in source
IOC,Mar 2019,12747.0,False,Unavailable - CFF not in source
IOC,Mar 2020,7146.0,False,Unavailable - CFF not in source
IOC,Mar 2021,49650.0,False,Unavailable - CFF not in source
IOC,Mar 2022,25747.0,False,Unavailable - CFF not in source
IOC,Mar 2023,29644.0,False,Unavailable - CFF not in source
IOC,Mar 2024,71099.0,False,Unavailable - CFF not in source
IRCTC,Mar 2015,69.0,False,Unavailable - CFF not in source
IRCTC,Mar 2016,288.0,False,Unavailable - CFF not in source
IRCTC,Mar 2017,338.0,False,Unavailable - CFF not in source
IRCTC,Mar 2018,24.0,False,Unavailable - CFF not in source
IRCTC,Mar 2019,499.0,False,Unavailable - CFF not in source
IRCTC,Mar 2020,409.0,False,Unavailable - CFF not in source
IRCTC,Mar 2021,248.0,False,Unavailable - CFF not in source
IRCTC,Mar 2022,524.0,False,Unavailable - CFF not in source
IRCTC,Mar 2023,812.0,False,Unavailable - CFF not in source
IRCTC,Mar 2024,882.0,False,Unavailable - CFF not in source
IRFC,Mar 2016,-16378.0,False,Unavailable - CFF not in source
IRFC,Mar 2017,-19455.0,False,Unavailable - CFF not in source
IRFC,Mar 2018,-28076.0,False,Unavailable - CFF not in source
IRFC,Mar 2019,-41748.0,False,Unavailable - CFF not in source
IRFC,Mar 2020,-62701.0,False,Unavailable - CFF not in source
IRFC,Mar 2021,-89907.0,False,Unavailable - CFF not in source
IRFC,Mar 2022,-64412.0,False,Unavailable - CFF not in source
IRFC,Mar 2023,-28588.0,False,Unavailable - CFF not in source
IRFC,Mar 2024,7914.0,False,Unavailable - CFF not in source
ITC,Mar 2013,7102.0,False,Unavailable - CFF not in source
ITC,Mar 2014,7344.0,False,Unavailable - CFF not in source
ITC,Mar 2015,9843.0,False,Unavailable - CFF not in source
ITC,Mar 2016,9799.0,False,Unavailable - CFF not in source
ITC,Mar 2017,10627.0,False,Unavailable - CFF not in source
ITC,Mar 2018,13169.0,False,Unavailable - CFF not in source
ITC,Mar 2019,12583.0,False,Unavailable - CFF not in source
ITC,Mar 2020,14690.0,False,Unavailable - CFF not in source
ITC,Mar 2021,12527.0,False,Unavailable - CFF not in source
ITC,Mar 2022,15776.0,False,Unavailable - CFF not in source
ITC,Mar 2023,18878.0,False,Unavailable - CFF not in source
ITC,Mar 2024,17179.0,False,Unavailable - CFF not in source
JINDALSTEL,Mar 2013,3522.0,False,Unavailable - CFF not in source
JINDALSTEL,Mar 2014,4580.0,False,Unavailable - CFF not in source
JINDALSTEL,Mar 2015,1182.0,False,Unavailable - CFF not in source
JINDALSTEL,Mar 2016,4333.0,False,Unavailable - CFF not in source
JINDALSTEL,Mar 2017,6850.0,False,Unavailable - CFF not in source
JINDALSTEL,Mar 2018,7724.0,False,Unavailable - CFF not in source
JINDALSTEL,Mar 2019,9027.0,False,Unavailable - CFF not in source
JINDALSTEL,Mar 2020,8814.0,False,Unavailable - CFF not in source
JINDALSTEL,Mar 2021,11961.0,False,Unavailable - CFF not in source
JINDALSTEL,Mar 2022,16048.0,False,Unavailable - CFF not in source
JINDALSTEL,Mar 2023,7347.0,False,Unavailable - CFF not in source
JINDALSTEL,Mar 2024,6008.0,False,Unavailable - CFF not in source
JIOFIN,Mar 2023,2055.0,False,Unavailable - CFF not in source
JIOFIN,Mar 2024,-678.0,False,Unavailable - CFF not in source
JSWENERGY,Mar 2013,1725.0,False,Unavailable - CFF not in source
JSWENERGY,Mar 2014,2269.0,False,Unavailable - CFF not in source
JSWENERGY,Mar 2015,3394.0,False,Unavailable - CFF not in source
JSWENERGY,Mar 2016,3538.0,False,Unavailable - CFF not in source
JSWENERGY,Mar 2017,3853.0,False,Unavailable - CFF not in source
JSWENERGY,Mar 2018,3934.0,False,Unavailable - CFF not in source
JSWENERGY,Mar 2019,2491.0,False,Unavailable - CFF not in source
JSWENERGY,Mar 2020,2082.0,False,Unavailable - CFF not in source
JSWENERGY,Mar 2021,3700.0,False,Unavailable - CFF not in source
JSWENERGY,Mar 2022,2952.0,False,Unavailable - CFF not in source
JSWENERGY,Mar 2023,2084.0,False,Unavailable - CFF not in source
JSWENERGY,Mar 2024,6234.0,False,Unavailable - CFF not in source
JSWSTEEL,Mar 2013,5844.0,False,Unavailable - CFF not in source
JSWSTEEL,Mar 2014,2594.0,False,Unavailable - CFF not in source
JSWSTEEL,Mar 2015,7876.0,False,Unavailable - CFF not in source
JSWSTEEL,Mar 2016,6897.0,False,Unavailable - CFF not in source
JSWSTEEL,Mar 2017,7888.0,False,Unavailable - CFF not in source
JSWSTEEL,Mar 2018,12379.0,False,Unavailable - CFF not in source
JSWSTEEL,Mar 2019,14633.0,False,Unavailable - CFF not in source
JSWSTEEL,Mar 2020,12785.0,False,Unavailable - CFF not in source
JSWSTEEL,Mar 2021,18789.0,False,Unavailable - CFF not in source
JSWSTEEL,Mar 2022,26270.0,False,Unavailable - CFF not in source
JSWSTEEL,Mar 2023,23323.0,False,Unavailable - CFF not in source
JSWSTEEL,Mar 2024,12078.0,False,Unavailable - CFF not in source
KOTAKBANK,Mar 2013,2878.0,False,Unavailable - CFF not in source
KOTAKBANK,Mar 2014,9068.0,False,Unavailable - CFF not in source
KOTAKBANK,Mar 2015,2302.0,False,Unavailable - CFF not in source
KOTAKBANK,Mar 2016,5025.0,False,Unavailable - CFF not in source
KOTAKBANK,Mar 2017,13222.0,False,Unavailable - CFF not in source
KOTAKBANK,Mar 2018,-10392.0,False,Unavailable - CFF not in source
KOTAKBANK,Mar 2019,1822.0,False,Unavailable - CFF not in source
KOTAKBANK,Mar 2020,46619.0,False,Unavailable - CFF not in source
KOTAKBANK,Mar 2021,4881.0,False,Unavailable - CFF not in source
KOTAKBANK,Mar 2022,8308.0,False,Unavailable - CFF not in source
KOTAKBANK,Mar 2023,-1242.0,False,Unavailable - CFF not in source
KOTAKBANK,Mar 2024,15685.0,False,Unavailable - CFF not in source
LICI,Mar 2019,13274.0,False,Unavailable - CFF not in source
LICI,Mar 2020,54367.0,False,Unavailable - CFF not in source
LICI,Mar 2021,80602.0,False,Unavailable - CFF not in source
LICI,Mar 2022,-3783.0,False,Unavailable - CFF not in source
LICI,Mar 2023,54519.0,False,Unavailable - CFF not in source
LICI,Mar 2024,26122.0,False,Unavailable - CFF not in source
LODHA,Mar 2016,387.0,False,Unavailable - CFF not in source
LODHA,Mar 2017,1469.0,False,Unavailable - CFF not in source
LODHA,Mar 2018,696.0,False,Unavailable - CFF not in source
LODHA,Mar 2019,-463.0,False,Unavailable - CFF not in source
LODHA,Mar 2020,3772.0,False,Unavailable - CFF not in source
LODHA,Mar 2021,2524.0,False,Unavailable - CFF not in source
LODHA,Mar 2022,1998.0,False,Unavailable - CFF not in source
LODHA,Mar 2023,2750.0,False,Unavailable - CFF not in source
LODHA,Mar 2024,2512.0,False,Unavailable - CFF not in source
LT,Mar 2013,-4355.0,False,Unavailable - CFF not in source
LT,Mar 2014,-7143.0,False,Unavailable - CFF not in source
LT,Mar 2015,-1365.0,False,Unavailable - CFF not in source
LT,Mar 2016,-3240.0,False,Unavailable - CFF not in source
LT,Mar 2017,6655.0,False,Unavailable - CFF not in source
LT,Mar 2018,-10031.0,False,Unavailable - CFF not in source
LT,Mar 2019,-4756.0,False,Unavailable - CFF not in source
LT,Mar 2020,6694.0,False,Unavailable - CFF not in source
LT,Mar 2021,23074.0,False,Unavailable - CFF not in source
LT,Mar 2022,19164.0,False,Unavailable - CFF not in source
LT,Mar 2023,22777.0,False,Unavailable - CFF not in source
LT,Mar 2024,18266.0,False,Unavailable - CFF not in source
LTIM,Mar 2013,608.0,False,Unavailable - CFF not in source
LTIM,Mar 2014,628.0,False,Unavailable - CFF not in source
LTIM,Mar 2015,642.0,False,Unavailable - CFF not in source
LTIM,Mar 2016,858.0,False,Unavailable - CFF not in source
LTIM,Mar 2017,1170.0,False,Unavailable - CFF not in source
LTIM,Mar 2018,844.0,False,Unavailable - CFF not in source
LTIM,Mar 2019,1395.0,False,Unavailable - CFF not in source
LTIM,Mar 2020,1644.0,False,Unavailable - CFF not in source
LTIM,Mar 2021,2400.0,False,Unavailable - CFF not in source
LTIM,Mar 2022,3251.0,False,Unavailable - CFF not in source
LTIM,Mar 2023,3095.0,False,Unavailable - CFF not in source
LTIM,Mar 2024,5670.0,False,Unavailable - CFF not in source
M&M,Mar 2013,-922.0,False,Unavailable - CFF not in source
M&M,Mar 2014,-244.0,False,Unavailable - CFF not in source
M&M,Mar 2015,1055.0,False,Unavailable - CFF not in source
M&M,Mar 2016,2385.0,False,Unavailable - CFF not in source
M&M,Mar 2017,183.0,False,Unavailable - CFF not in source
M&M,Mar 2018,682.0,False,Unavailable - CFF not in source
M&M,Mar 2019,-4347.0,False,Unavailable - CFF not in source
M&M,Mar 2020,-1457.0,False,Unavailable - CFF not in source
M&M,Mar 2021,17909.0,False,Unavailable - CFF not in source
M&M,Mar 2022,9248.0,False,Unavailable - CFF not in source
M&M,Mar 2023,-7074.0,False,Unavailable - CFF not in source
M&M,Mar 2024,-5630.0,False,Unavailable - CFF not in source
MARUTI,Mar 2013,4059.0,False,Unavailable - CFF not in source
MARUTI,Mar 2014,4995.0,False,Unavailable - CFF not in source
MARUTI,Mar 2015,6449.0,False,Unavailable - CFF not in source
MARUTI,Mar 2016,8482.0,False,Unavailable - CFF not in source
MARUTI,Mar 2017,10282.0,False,Unavailable - CFF not in source
MARUTI,Mar 2018,11788.0,False,Unavailable - CFF not in source
MARUTI,Mar 2019,6601.0,False,Unavailable - CFF not in source
MARUTI,Mar 2020,3496.0,False,Unavailable - CFF not in source
MARUTI,Mar 2021,8856.0,False,Unavailable - CFF not in source
MARUTI,Mar 2022,1840.0,False,Unavailable - CFF not in source
MARUTI,Mar 2023,10815.0,False,Unavailable - CFF not in source
MARUTI,Mar 2024,16801.0,False,Unavailable - CFF not in source
MOTHERSON,Mar 2013,1486.0,False,Unavailable - CFF not in source
MOTHERSON,Mar 2014,2695.0,False,Unavailable - CFF not in source
MOTHERSON,Mar 2015,3390.0,False,Unavailable - CFF not in source
MOTHERSON,Mar 2016,2188.0,False,Unavailable - CFF not in source
MOTHERSON,Mar 2017,3800.0,False,Unavailable - CFF not in source
MOTHERSON,Mar 2018,3264.0,False,Unavailable - CFF not in source
MOTHERSON,Mar 2019,4312.0,False,Unavailable - CFF not in source
MOTHERSON,Mar 2020,6352.0,False,Unavailable - CFF not in source
MOTHERSON,Mar 2021,5051.0,False,Unavailable - CFF not in source
MOTHERSON,Mar 2022,2463.0,False,Unavailable - CFF not in source
MOTHERSON,Mar 2023,4643.0,False,Unavailable - CFF not in source
MOTHERSON,Mar 2024,7569.0,False,Unavailable - CFF not in source
NAUKRI,Mar 2013,75.0,False,Unavailable - CFF not in source
NAUKRI,Mar 2014,81.0,False,Unavailable - CFF not in source
NAUKRI,Mar 2015,51.0,False,Unavailable - CFF not in source
NAUKRI,Mar 2016,78.0,False,Unavailable - CFF not in source
NAUKRI,Mar 2017,213.0,False,Unavailable - CFF not in source
NAUKRI,Mar 2018,253.0,False,Unavailable - CFF not in source
NAUKRI,Mar 2019,276.0,False,Unavailable - CFF not in source
NAUKRI,Mar 2020,350.0,False,Unavailable - CFF not in source
NAUKRI,Mar 2021,276.0,False,Unavailable - CFF not in source
NAUKRI,Mar 2022,707.0,False,Unavailable - CFF not in source
NAUKRI,Mar 2023,512.0,False,Unavailable - CFF not in source
NAUKRI,Mar 2024,702.0,False,Unavailable - CFF not in source
NESTLEIND,Dec 2013,1796.0,False,Unavailable - CFF not in source
NESTLEIND,Dec 2014,1644.0,False,Unavailable - CFF not in source
NESTLEIND,Dec 2015,1098.0,False,Unavailable - CFF not in source
NESTLEIND,Dec 2016,1466.0,False,Unavailable - CFF not in source
NESTLEIND,Dec 2017,1818.0,False,Unavailable - CFF not in source
NESTLEIND,Dec 2018,2052.0,False,Unavailable - CFF not in source
NESTLEIND,Dec 2019,2295.0,False,Unavailable - CFF not in source
NESTLEIND,Dec 2020,2454.0,False,Unavailable - CFF not in source
NESTLEIND,Dec 2021,2236.0,False,Unavailable - CFF not in source
NESTLEIND,Dec 2022,2737.0,False,Unavailable - CFF not in source
NESTLEIND,Dec 2023,3392.0,False,Unavailable - CFF not in source
NESTLEIND,Mar 2024,4175.0,False,Unavailable - CFF not in source
NHPC,Mar 2013,2846.0,False,Unavailable - CFF not in source
NHPC,Mar 2014,3824.0,False,Unavailable - CFF not in source
NHPC,Mar 2015,4061.0,False,Unavailable - CFF not in source
NHPC,Mar 2016,5971.0,False,Unavailable - CFF not in source
NHPC,Mar 2017,8329.0,False,Unavailable - CFF not in source
NHPC,Mar 2018,4696.0,False,Unavailable - CFF not in source
NHPC,Mar 2019,3824.0,False,Unavailable - CFF not in source
NHPC,Mar 2020,2993.0,False,Unavailable - CFF not in source
NHPC,Mar 2021,5070.0,False,Unavailable - CFF not in source
NHPC,Mar 2022,4590.0,False,Unavailable - CFF not in source
NHPC,Mar 2023,4705.0,False,Unavailable - CFF not in source
NHPC,Mar 2024,6938.0,False,Unavailable - CFF not in source
NTPC,Mar 2013,16508.0,False,Unavailable - CFF not in source
NTPC,Mar 2014,16531.0,False,Unavailable - CFF not in source
NTPC,Mar 2015,14889.0,False,Unavailable - CFF not in source
NTPC,Mar 2016,24125.0,False,Unavailable - CFF not in source
NTPC,Mar 2017,20167.0,False,Unavailable - CFF not in source
NTPC,Mar 2018,19670.0,False,Unavailable - CFF not in source
NTPC,Mar 2019,18686.0,False,Unavailable - CFF not in source
NTPC,Mar 2020,23890.0,False,Unavailable - CFF not in source
NTPC,Mar 2021,32444.0,False,Unavailable - CFF not in source
NTPC,Mar 2022,41788.0,False,Unavailable - CFF not in source
NTPC,Mar 2023,47152.0,False,Unavailable - CFF not in source
NTPC,Mar 2024,40785.0,False,Unavailable - CFF not in source
ONGC,Mar 2013,39874.0,False,Unavailable - CFF not in source
ONGC,Mar 2014,53270.0,False,Unavailable - CFF not in source
ONGC,Mar 2015,33950.0,False,Unavailable - CFF not in source
ONGC,Mar 2016,46292.0,False,Unavailable - CFF not in source
ONGC,Mar 2017,45780.0,False,Unavailable - CFF not in source
ONGC,Mar 2018,56792.0,False,Unavailable - CFF not in source
ONGC,Mar 2019,61458.0,False,Unavailable - CFF not in source
ONGC,Mar 2020,70593.0,False,Unavailable - CFF not in source
ONGC,Mar 2021,47185.0,False,Unavailable - CFF not in source
ONGC,Mar 2022,78248.0,False,Unavailable - CFF not in source
ONGC,Mar 2023,86062.0,False,Unavailable - CFF not in source
ONGC,Mar 2024,99263.0,False,Unavailable - CFF not in source
PFC,Mar 2013,-25102.0,False,Unavailable - CFF not in source
PFC,Mar 2014,-22473.0,False,Unavailable - CFF not in source
PFC,Mar 2015,-21455.0,False,Unavailable - CFF not in source
PFC,Mar 2016,-13298.0,False,Unavailable - CFF not in source
PFC,Mar 2017,1795.0,False,Unavailable - CFF not in source
PFC,Mar 2018,-57148.0,False,Unavailable - CFF not in source
PFC,Mar 2019,-80252.0,False,Unavailable - CFF not in source
PFC,Mar 2020,-42148.0,False,Unavailable - CFF not in source
PFC,Mar 2021,-59143.0,False,Unavailable - CFF not in source
PFC,Mar 2022,4904.0,False,Unavailable - CFF not in source
PFC,Mar 2023,-74717.0,False,Unavailable - CFF not in source
PFC,Mar 2024,-97820.0,False,Unavailable - CFF not in source
PIDILITIND,Mar 2013,472.0,False,Unavailable - CFF not in source
PIDILITIND,Mar 2014,394.0,False,Unavailable - CFF not in source
PIDILITIND,Mar 2015,552.0,False,Unavailable - CFF not in source
PIDILITIND,Mar 2016,907.0,False,Unavailable - CFF not in source
PIDILITIND,Mar 2017,794.0,False,Unavailable - CFF not in source
PIDILITIND,Mar 2018,796.0,False,Unavailable - CFF not in source
PIDILITIND,Mar 2019,845.0,False,Unavailable - CFF not in source
PIDILITIND,Mar 2020,1280.0,False,Unavailable - CFF not in source
PIDILITIND,Mar 2021,1392.0,False,Unavailable - CFF not in source
PIDILITIND,Mar 2022,955.0,False,Unavailable - CFF not in source
PIDILITIND,Mar 2023,1558.0,False,Unavailable - CFF not in source
PIDILITIND,Mar 2024,2724.0,False,Unavailable - CFF not in source
PNB,Mar 2013,-692.0,False,Unavailable - CFF not in source
PNB,Mar 2013,-692.0,False,Unavailable - CFF not in source
PNB,Mar 2013,-692.0,False,Unavailable - CFF not in source
PNB,Mar 2013,-692.0,False,Unavailable - CFF not in source
PNB,Mar 2013,-692.0,False,Unavailable - CFF not in source
PNB,Mar 2014,16906.0,False,Unavailable - CFF not in source
PNB,Mar 2014,16906.0,False,Unavailable - CFF not in source
PNB,Mar 2014,16906.0,False,Unavailable - CFF not in source
PNB,Mar 2014,16906.0,False,Unavailable - CFF not in source
PNB,Mar 2014,16906.0,False,Unavailable - CFF not in source
PNB,Mar 2015,4814.0,False,Unavailable - CFF not in source
PNB,Mar 2015,4814.0,False,Unavailable - CFF not in source
PNB,Mar 2015,4814.0,False,Unavailable - CFF not in source
PNB,Mar 2015,4814.0,False,Unavailable - CFF not in source
PNB,Mar 2015,4814.0,False,Unavailable - CFF not in source
PNB,Mar 2016,14167.0,False,Unavailable - CFF not in source
PNB,Mar 2016,14167.0,False,Unavailable - CFF not in source
PNB,Mar 2016,14167.0,False,Unavailable - CFF not in source
PNB,Mar 2016,14167.0,False,Unavailable - CFF not in source
PNB,Mar 2016,14167.0,False,Unavailable - CFF not in source
PNB,Mar 2017,21938.0,False,Unavailable - CFF not in source
PNB,Mar 2017,21938.0,False,Unavailable - CFF not in source
PNB,Mar 2017,21938.0,False,Unavailable - CFF not in source
PNB,Mar 2017,21938.0,False,Unavailable - CFF not in source
PNB,Mar 2017,21938.0,False,Unavailable - CFF not in source
PNB,Mar 2018,-1742.0,False,Unavailable - CFF not in source
PNB,Mar 2018,-1742.0,False,Unavailable - CFF not in source
PNB,Mar 2018,-1742.0,False,Unavailable - CFF not in source
PNB,Mar 2018,-1742.0,False,Unavailable - CFF not in source
PNB,Mar 2018,-1742.0,False,Unavailable - CFF not in source
PNB,Mar 2019,-33532.0,False,Unavailable - CFF not in source
PNB,Mar 2019,-33532.0,False,Unavailable - CFF not in source
PNB,Mar 2019,-33532.0,False,Unavailable - CFF not in source
PNB,Mar 2019,-33532.0,False,Unavailable - CFF not in source
PNB,Mar 2019,-33532.0,False,Unavailable - CFF not in source
PNB,Mar 2020,-12793.0,False,Unavailable - CFF not in source
PNB,Mar 2020,-12793.0,False,Unavailable - CFF not in source
PNB,Mar 2020,-12793.0,False,Unavailable - CFF not in source
PNB,Mar 2020,-12793.0,False,Unavailable - CFF not in source
PNB,Mar 2020,-12793.0,False,Unavailable - CFF not in source
PNB,Mar 2021,30950.0,False,Unavailable - CFF not in source
PNB,Mar 2021,30950.0,False,Unavailable - CFF not in source
PNB,Mar 2021,30950.0,False,Unavailable - CFF not in source
PNB,Mar 2021,30950.0,False,Unavailable - CFF not in source
PNB,Mar 2021,30950.0,False,Unavailable - CFF not in source
PNB,Mar 2022,20032.0,False,Unavailable - CFF not in source
PNB,Mar 2022,20032.0,False,Unavailable - CFF not in source
PNB,Mar 2022,20032.0,False,Unavailable - CFF not in source
PNB,Mar 2022,20032.0,False,Unavailable - CFF not in source
PNB,Mar 2022,20032.0,False,Unavailable - CFF not in source
PNB,Mar 2023,22592.0,False,Unavailable - CFF not in source
PNB,Mar 2023,22592.0,False,Unavailable - CFF not in source
PNB,Mar 2023,22592.0,False,Unavailable - CFF not in source
PNB,Mar 2023,22592.0,False,Unavailable - CFF not in source
PNB,Mar 2023,22592.0,False,Unavailable - CFF not in source
PNB,Mar 2024,-27939.0,False,Unavailable - CFF not in source
PNB,Mar 2024,-27939.0,False,Unavailable - CFF not in source
PNB,Mar 2024,-27939.0,False,Unavailable - CFF not in source
PNB,Mar 2024,-27939.0,False,Unavailable - CFF not in source
PNB,Mar 2024,-27939.0,False,Unavailable - CFF not in source
POWERGRID,Mar 2013,11690.0,False,Unavailable - CFF not in source
POWERGRID,Mar 2013,11690.0,False,Unavailable - CFF not in source
POWERGRID,Mar 2014,15223.0,False,Unavailable - CFF not in source
POWERGRID,Mar 2014,15223.0,False,Unavailable - CFF not in source
POWERGRID,Mar 2015,15800.0,False,Unavailable - CFF not in source
POWERGRID,Mar 2015,15800.0,False,Unavailable - CFF not in source
POWERGRID,Mar 2016,15008.0,False,Unavailable - CFF not in source
POWERGRID,Mar 2016,15008.0,False,Unavailable - CFF not in source
POWERGRID,Mar 2017,21575.0,False,Unavailable - CFF not in source
POWERGRID,Mar 2017,21575.0,False,Unavailable - CFF not in source
POWERGRID,Mar 2018,22710.0,False,Unavailable - CFF not in source
POWERGRID,Mar 2018,22710.0,False,Unavailable - CFF not in source
POWERGRID,Mar 2019,23271.0,False,Unavailable - CFF not in source
POWERGRID,Mar 2019,23271.0,False,Unavailable - CFF not in source
POWERGRID,Mar 2020,30739.0,False,Unavailable - CFF not in source
POWERGRID,Mar 2020,30739.0,False,Unavailable - CFF not in source
POWERGRID,Mar 2021,29403.0,False,Unavailable - CFF not in source
POWERGRID,Mar 2021,29403.0,False,Unavailable - CFF not in source
POWERGRID,Mar 2022,26124.0,False,Unavailable - CFF not in source
POWERGRID,Mar 2022,26124.0,False,Unavailable - CFF not in source
POWERGRID,Mar 2023,40203.0,False,Unavailable - CFF not in source
POWERGRID,Mar 2023,40203.0,False,Unavailable - CFF not in source
POWERGRID,Mar 2024,37290.0,False,Unavailable - CFF not in source
POWERGRID,Mar 2024,37290.0,False,Unavailable - CFF not in source
RECLTD,Mar 2013,-20059.0,False,Unavailable - CFF not in source
RECLTD,Mar 2014,-17244.0,False,Unavailable - CFF not in source
RECLTD,Mar 2015,-23898.0,False,Unavailable - CFF not in source
RECLTD,Mar 2016,-13278.0,False,Unavailable - CFF not in source
RECLTD,Mar 2017,6805.0,False,Unavailable - CFF not in source
RECLTD,Mar 2018,-32510.0,False,Unavailable - CFF not in source
RECLTD,Mar 2019,-35866.0,False,Unavailable - CFF not in source
RECLTD,Mar 2020,-32712.0,False,Unavailable - CFF not in source
RECLTD,Mar 2021,-43512.0,False,Unavailable - CFF not in source
RECLTD,Mar 2022,-819.0,False,Unavailable - CFF not in source
RECLTD,Mar 2023,-37360.0,False,Unavailable - CFF not in source
RECLTD,Mar 2024,-57723.0,False,Unavailable - CFF not in source
RELIANCE,Mar 2013,36918.0,False,Unavailable - CFF not in source
RELIANCE,Mar 2014,43261.0,False,Unavailable - CFF not in source
RELIANCE,Mar 2015,34374.0,False,Unavailable - CFF not in source
RELIANCE,Mar 2016,38134.0,False,Unavailable - CFF not in source
RELIANCE,Mar 2017,49550.0,False,Unavailable - CFF not in source
RELIANCE,Mar 2018,71459.0,False,Unavailable - CFF not in source
RELIANCE,Mar 2019,42346.0,False,Unavailable - CFF not in source
RELIANCE,Mar 2020,94877.0,False,Unavailable - CFF not in source
RELIANCE,Mar 2021,26958.0,False,Unavailable - CFF not in source
RELIANCE,Mar 2022,110654.0,False,Unavailable - CFF not in source
RELIANCE,Mar 2023,115032.0,False,Unavailable - CFF not in source
RELIANCE,Mar 2024,158788.0,False,Unavailable - CFF not in source
SBILIFE,Mar 2013,1130.0,False,Unavailable - CFF not in source
SBILIFE,Mar 2014,166.0,False,Unavailable - CFF not in source
SBILIFE,Mar 2015,2711.0,False,Unavailable - CFF not in source
SBILIFE,Mar 2016,5778.0,False,Unavailable - CFF not in source
SBILIFE,Mar 2017,8525.0,False,Unavailable - CFF not in source
SBILIFE,Mar 2018,10395.0,False,Unavailable - CFF not in source
SBILIFE,Mar 2019,13473.0,False,Unavailable - CFF not in source
SBILIFE,Mar 2020,19299.0,False,Unavailable - CFF not in source
SBILIFE,Mar 2021,23878.0,False,Unavailable - CFF not in source
SBILIFE,Mar 2022,21852.0,False,Unavailable - CFF not in source
SBILIFE,Mar 2023,28656.0,False,Unavailable - CFF not in source
SBILIFE,Mar 2024,29122.0,False,Unavailable - CFF not in source
SHREECEM,Jun 2013,1260.0,False,Unavailable - CFF not in source
SHREECEM,Jun 2014,1401.0,False,Unavailable - CFF not in source
SHREECEM,Jun 2015,1239.0,False,Unavailable - CFF not in source
SHREECEM,Mar 2017,2202.0,False,Unavailable - CFF not in source
SHREECEM,Mar 2018,1879.0,False,Unavailable - CFF not in source
SHREECEM,Mar 2019,2080.0,False,Unavailable - CFF not in source
SHREECEM,Mar 2020,3973.0,False,Unavailable - CFF not in source
SHREECEM,Mar 2021,4254.0,False,Unavailable - CFF not in source
SHREECEM,Mar 2022,2668.0,False,Unavailable - CFF not in source
SHREECEM,Mar 2023,2569.0,False,Unavailable - CFF not in source
SHREECEM,Mar 2024,3347.0,False,Unavailable - CFF not in source
SHRIRAMFIN,Mar 2013,-8359.0,False,Unavailable - CFF not in source
SHRIRAMFIN,Mar 2014,-4055.0,False,Unavailable - CFF not in source
SHRIRAMFIN,Mar 2015,-9611.0,False,Unavailable - CFF not in source
SHRIRAMFIN,Mar 2016,-5507.0,False,Unavailable - CFF not in source
SHRIRAMFIN,Mar 2017,-2677.0,False,Unavailable - CFF not in source
SHRIRAMFIN,Mar 2018,-13142.0,False,Unavailable - CFF not in source
SHRIRAMFIN,Mar 2019,-5535.0,False,Unavailable - CFF not in source
SHRIRAMFIN,Mar 2020,-2464.0,False,Unavailable - CFF not in source
SHRIRAMFIN,Mar 2021,-4239.0,False,Unavailable - CFF not in source
SHRIRAMFIN,Mar 2022,-8859.0,False,Unavailable - CFF not in source
SHRIRAMFIN,Mar 2023,-17625.0,False,Unavailable - CFF not in source
SHRIRAMFIN,Mar 2024,-31101.0,False,Unavailable - CFF not in source
SIEMENS,Sep 2011,3.0,False,Unavailable - CFF not in source
SIEMENS,Sep 2014,608.0,False,Unavailable - CFF not in source
SIEMENS,Sep 2015,574.0,False,Unavailable - CFF not in source
SIEMENS,Sep 2016,513.0,False,Unavailable - CFF not in source
SIEMENS,Sep 2017,573.0,False,Unavailable - CFF not in source
SIEMENS,Sep 2018,100.0,False,Unavailable - CFF not in source
SIEMENS,Sep 2019,1273.0,False,Unavailable - CFF not in source
SIEMENS,Sep 2020,720.0,False,Unavailable - CFF not in source
SIEMENS,Sep 2021,1422.0,False,Unavailable - CFF not in source
SIEMENS,Sep 2022,978.0,False,Unavailable - CFF not in source
SIEMENS,Sep 2023,1400.0,False,Unavailable - CFF not in source
SIEMENS,Sep 2024,1670.0,False,Unavailable - CFF not in source
SUNPHARMA,Mar 2013,3357.0,False,Unavailable - CFF not in source
SUNPHARMA,Mar 2014,3959.0,False,Unavailable - CFF not in source
SUNPHARMA,Mar 2015,5616.0,False,Unavailable - CFF not in source
SUNPHARMA,Mar 2016,6686.0,False,Unavailable - CFF not in source
SUNPHARMA,Mar 2017,7082.0,False,Unavailable - CFF not in source
SUNPHARMA,Mar 2018,3907.0,False,Unavailable - CFF not in source
SUNPHARMA,Mar 2019,2196.0,False,Unavailable - CFF not in source
SUNPHARMA,Mar 2020,6555.0,False,Unavailable - CFF not in source
SUNPHARMA,Mar 2021,6170.0,False,Unavailable - CFF not in source
SUNPHARMA,Mar 2022,8985.0,False,Unavailable - CFF not in source
SUNPHARMA,Mar 2023,4959.0,False,Unavailable - CFF not in source
SUNPHARMA,Mar 2024,12135.0,False,Unavailable - CFF not in source
TATACONSUM,Mar 2013,173.0,False,Unavailable - CFF not in source
TATACONSUM,Mar 2014,422.0,False,Unavailable - CFF not in source
TATACONSUM,Mar 2015,418.0,False,Unavailable - CFF not in source
TATACONSUM,Mar 2016,116.0,False,Unavailable - CFF not in source
TATACONSUM,Mar 2017,741.0,False,Unavailable - CFF not in source
TATACONSUM,Mar 2018,356.0,False,Unavailable - CFF not in source
TATACONSUM,Mar 2019,210.0,False,Unavailable - CFF not in source
TATACONSUM,Mar 2020,1082.0,False,Unavailable - CFF not in source
TATACONSUM,Mar 2021,1656.0,False,Unavailable - CFF not in source
TATACONSUM,Mar 2022,1516.0,False,Unavailable - CFF not in source
TATACONSUM,Mar 2023,1461.0,False,Unavailable - CFF not in source
TATACONSUM,Mar 2024,1937.0,False,Unavailable - CFF not in source
TATAMOTORS,Mar 2013,22163.0,False,Unavailable - CFF not in source
TATAMOTORS,Mar 2014,36151.0,False,Unavailable - CFF not in source
TATAMOTORS,Mar 2015,35531.0,False,Unavailable - CFF not in source
TATAMOTORS,Mar 2016,37900.0,False,Unavailable - CFF not in source
TATAMOTORS,Mar 2017,30199.0,False,Unavailable - CFF not in source
TATAMOTORS,Mar 2018,23857.0,False,Unavailable - CFF not in source
TATAMOTORS,Mar 2019,18891.0,False,Unavailable - CFF not in source
TATAMOTORS,Mar 2020,26633.0,False,Unavailable - CFF not in source
TATAMOTORS,Mar 2021,29001.0,False,Unavailable - CFF not in source
TATAMOTORS,Mar 2022,14283.0,False,Unavailable - CFF not in source
TATAMOTORS,Mar 2023,35388.0,False,Unavailable - CFF not in source
TATAMOTORS,Mar 2024,67915.0,False,Unavailable - CFF not in source
TATAPOWER,Mar 2013,3286.0,False,Unavailable - CFF not in source
TATAPOWER,Mar 2014,6483.0,False,Unavailable - CFF not in source
TATAPOWER,Mar 2015,5981.0,False,Unavailable - CFF not in source
TATAPOWER,Mar 2016,7415.0,False,Unavailable - CFF not in source
TATAPOWER,Mar 2017,7014.0,False,Unavailable - CFF not in source
TATAPOWER,Mar 2018,6364.0,False,Unavailable - CFF not in source
TATAPOWER,Mar 2019,4574.0,False,Unavailable - CFF not in source
TATAPOWER,Mar 2020,7375.0,False,Unavailable - CFF not in source
TATAPOWER,Mar 2021,8345.0,False,Unavailable - CFF not in source
TATAPOWER,Mar 2022,6693.0,False,Unavailable - CFF not in source
TATAPOWER,Mar 2023,7166.0,False,Unavailable - CFF not in source
TATAPOWER,Mar 2024,12596.0,False,Unavailable - CFF not in source
TATASTEEL,Mar 2013,14035.0,False,Unavailable - CFF not in source
TATASTEEL,Mar 2014,13146.0,False,Unavailable - CFF not in source
TATASTEEL,Mar 2015,11880.0,False,Unavailable - CFF not in source
TATASTEEL,Mar 2016,11455.0,False,Unavailable - CFF not in source
TATASTEEL,Mar 2017,10824.0,False,Unavailable - CFF not in source
TATASTEEL,Mar 2018,8023.0,False,Unavailable - CFF not in source
TATASTEEL,Mar 2019,25336.0,False,Unavailable - CFF not in source
TATASTEEL,Mar 2020,20169.0,False,Unavailable - CFF not in source
TATASTEEL,Mar 2021,44327.0,False,Unavailable - CFF not in source
TATASTEEL,Mar 2022,44381.0,False,Unavailable - CFF not in source
TATASTEEL,Mar 2023,21683.0,False,Unavailable - CFF not in source
TATASTEEL,Mar 2024,20301.0,False,Unavailable - CFF not in source
TCS,Mar 2013,11615.0,False,Unavailable - CFF not in source
TCS,Mar 2014,14751.0,False,Unavailable - CFF not in source
TCS,Mar 2015,19369.0,False,Unavailable - CFF not in source
TCS,Mar 2016,19109.0,False,Unavailable - CFF not in source
TCS,Mar 2017,25223.0,False,Unavailable - CFF not in source
TCS,Mar 2018,25067.0,False,Unavailable - CFF not in source
TCS,Mar 2019,28593.0,False,Unavailable - CFF not in source
TCS,Mar 2020,32369.0,False,Unavailable - CFF not in source
TCS,Mar 2021,38802.0,False,Unavailable - CFF not in source
TCS,Mar 2022,39949.0,False,Unavailable - CFF not in source
TCS,Mar 2023,41965.0,False,Unavailable - CFF not in source
TCS,Mar 2024,44338.0,False,Unavailable - CFF not in source
TECHM,Mar 2013,855.0,False,Unavailable - CFF not in source
TECHM,Mar 2013,855.0,False,Unavailable - CFF not in source
TECHM,Mar 2014,1596.0,False,Unavailable - CFF not in source
TECHM,Mar 2014,1596.0,False,Unavailable - CFF not in source
TECHM,Mar 2015,2448.0,False,Unavailable - CFF not in source
TECHM,Mar 2015,2448.0,False,Unavailable - CFF not in source
TECHM,Mar 2016,3137.0,False,Unavailable - CFF not in source
TECHM,Mar 2016,3137.0,False,Unavailable - CFF not in source
TECHM,Mar 2017,4071.0,False,Unavailable - CFF not in source
TECHM,Mar 2017,4071.0,False,Unavailable - CFF not in source
TECHM,Mar 2018,3554.0,False,Unavailable - CFF not in source
TECHM,Mar 2018,3554.0,False,Unavailable - CFF not in source
TECHM,Mar 2019,4432.0,False,Unavailable - CFF not in source
TECHM,Mar 2019,4432.0,False,Unavailable - CFF not in source
TECHM,Mar 2020,4358.0,False,Unavailable - CFF not in source
TECHM,Mar 2020,4358.0,False,Unavailable - CFF not in source
TECHM,Mar 2021,8094.0,False,Unavailable - CFF not in source
TECHM,Mar 2021,8094.0,False,Unavailable - CFF not in source
TECHM,Mar 2022,5285.0,False,Unavailable - CFF not in source
TECHM,Mar 2022,5285.0,False,Unavailable - CFF not in source
TECHM,Mar 2023,5572.0,False,Unavailable - CFF not in source
TECHM,Mar 2023,5572.0,False,Unavailable - CFF not in source
TECHM,Mar 2024,6376.0,False,Unavailable - CFF not in source
TECHM,Mar 2024,6376.0,False,Unavailable - CFF not in source
TITAN,Mar 2013,553.0,False,Unavailable - CFF not in source
TITAN,Mar 2014,-555.0,False,Unavailable - CFF not in source
TITAN,Mar 2015,503.0,False,Unavailable - CFF not in source
TITAN,Mar 2016,576.0,False,Unavailable - CFF not in source
TITAN,Mar 2017,1712.0,False,Unavailable - CFF not in source
TITAN,Mar 2018,-51.0,False,Unavailable - CFF not in source
TITAN,Mar 2019,1243.0,False,Unavailable - CFF not in source
TITAN,Mar 2020,-348.0,False,Unavailable - CFF not in source
TITAN,Mar 2021,4139.0,False,Unavailable - CFF not in source
TITAN,Mar 2022,-724.0,False,Unavailable - CFF not in source
TITAN,Mar 2023,1370.0,False,Unavailable - CFF not in source
TITAN,Mar 2024,1695.0,False,Unavailable - CFF not in source
TORNTPHARM,Mar 2013,153.0,False,Unavailable - CFF not in source
TORNTPHARM,Mar 2014,599.0,False,Unavailable - CFF not in source
TORNTPHARM,Mar 2015,810.0,False,Unavailable - CFF not in source
TORNTPHARM,Mar 2016,2742.0,False,Unavailable - CFF not in source
TORNTPHARM,Mar 2017,1009.0,False,Unavailable - CFF not in source
TORNTPHARM,Mar 2018,894.0,False,Unavailable - CFF not in source
TORNTPHARM,Mar 2019,1798.0,False,Unavailable - CFF not in source
TORNTPHARM,Mar 2020,1393.0,False,Unavailable - CFF not in source
TORNTPHARM,Mar 2021,2005.0,False,Unavailable - CFF not in source
TORNTPHARM,Mar 2022,1803.0,False,Unavailable - CFF not in source
TORNTPHARM,Mar 2023,2368.0,False,Unavailable - CFF not in source
TORNTPHARM,Mar 2024,3266.0,False,Unavailable - CFF not in source
TRENT,Mar 2013,31.0,False,Unavailable - CFF not in source
TRENT,Mar 2014,-46.0,False,Unavailable - CFF not in source
TRENT,Mar 2015,-10.0,False,Unavailable - CFF not in source
TRENT,Mar 2016,109.0,False,Unavailable - CFF not in source
TRENT,Mar 2017,102.0,False,Unavailable - CFF not in source
TRENT,Mar 2018,77.0,False,Unavailable - CFF not in source
TRENT,Mar 2019,21.0,False,Unavailable - CFF not in source
TRENT,Mar 2020,361.0,False,Unavailable - CFF not in source
TRENT,Mar 2021,285.0,False,Unavailable - CFF not in source
TRENT,Mar 2022,58.0,False,Unavailable - CFF not in source
TRENT,Mar 2023,595.0,False,Unavailable - CFF not in source
TRENT,Mar 2024,1349.0,False,Unavailable - CFF not in source
TVSMOTOR,Mar 2013,464.0,False,Unavailable - CFF not in source
TVSMOTOR,Mar 2014,470.0,False,Unavailable - CFF not in source
TVSMOTOR,Mar 2015,83.0,False,Unavailable - CFF not in source
TVSMOTOR,Mar 2016,936.0,False,Unavailable - CFF not in source
TVSMOTOR,Mar 2017,689.0,False,Unavailable - CFF not in source
TVSMOTOR,Mar 2018,354.0,False,Unavailable - CFF not in source
TVSMOTOR,Mar 2019,-918.0,False,Unavailable - CFF not in source
TVSMOTOR,Mar 2020,373.0,False,Unavailable - CFF not in source
TVSMOTOR,Mar 2021,1151.0,False,Unavailable - CFF not in source
TVSMOTOR,Mar 2022,-1575.0,False,Unavailable - CFF not in source
TVSMOTOR,Mar 2023,-4405.0,False,Unavailable - CFF not in source
TVSMOTOR,Mar 2024,-1253.0,False,Unavailable - CFF not in source
ULTRACEMCO,Mar 2013,3618.0,False,Unavailable - CFF not in source
ULTRACEMCO,Mar 2014,3455.0,False,Unavailable - CFF not in source
ULTRACEMCO,Mar 2015,4190.0,False,Unavailable - CFF not in source
ULTRACEMCO,Mar 2016,4526.0,False,Unavailable - CFF not in source
ULTRACEMCO,Mar 2017,5005.0,False,Unavailable - CFF not in source
ULTRACEMCO,Mar 2018,3888.0,False,Unavailable - CFF not in source
ULTRACEMCO,Mar 2019,5956.0,False,Unavailable - CFF not in source
ULTRACEMCO,Mar 2020,8972.0,False,Unavailable - CFF not in source
ULTRACEMCO,Mar 2021,12500.0,False,Unavailable - CFF not in source
ULTRACEMCO,Mar 2022,9283.0,False,Unavailable - CFF not in source
ULTRACEMCO,Mar 2023,9069.0,False,Unavailable - CFF not in source
ULTRACEMCO,Mar 2024,10898.0,False,Unavailable - CFF not in source
UNIONBANK,Mar 2013,-4245.0,False,Unavailable - CFF not in source
UNIONBANK,Mar 2014,2570.0,False,Unavailable - CFF not in source
UNIONBANK,Mar 2015,-3567.0,False,Unavailable - CFF not in source
UNIONBANK,Mar 2016,81.0,False,Unavailable - CFF not in source
UNIONBANK,Mar 2017,-6624.0,False,Unavailable - CFF not in source
UNIONBANK,Mar 2018,6097.0,False,Unavailable - CFF not in source
UNIONBANK,Mar 2019,-7778.0,False,Unavailable - CFF not in source
UNIONBANK,Mar 2020,-77.0,False,Unavailable - CFF not in source
UNIONBANK,Mar 2021,20527.0,False,Unavailable - CFF not in source
UNIONBANK,Mar 2022,36339.0,False,Unavailable - CFF not in source
UNIONBANK,Mar 2023,6056.0,False,Unavailable - CFF not in source
UNIONBANK,Mar 2024,19930.0,False,Unavailable - CFF not in source
INDIGO,Mar 2013,1741.0,False,Unavailable - CFF not in source
INDIGO,Mar 2014,1595.0,False,Unavailable - CFF not in source
INDIGO,Mar 2015,2384.0,False,Unavailable - CFF not in source
INDIGO,Mar 2016,3116.0,False,Unavailable - CFF not in source
INDIGO,Mar 2017,3782.0,False,Unavailable - CFF not in source
INDIGO,Mar 2018,3903.0,False,Unavailable - CFF not in source
INDIGO,Mar 2019,3160.0,False,Unavailable - CFF not in source
INDIGO,Mar 2020,6943.0,False,Unavailable - CFF not in source
INDIGO,Mar 2021,-1620.0,False,Unavailable - CFF not in source
INDIGO,Mar 2022,2064.0,False,Unavailable - CFF not in source
INDIGO,Mar 2023,12703.0,False,Unavailable - CFF not in source
INDIGO,Mar 2024,21183.0,False,Unavailable - CFF not in source
