feature,P10,P25,P50,P75,P90,Mean,Std
return_on_equity_pct,8.386,11.73,15.795,25.927500000000002,47.969000000000015,122.66239130434779,633.7447384897564
debt_to_equity,0.008979999999999997,0.06145,0.44755,1.644325,6.44353,1.7028972826086959,2.8597639919756013
revenue_cagr_5yr,5.899633273673062,8.462029223288658,12.029339915118054,17.279172148013195,21.077058378526594,12.998293806759186,7.355939246189186
fcf_cagr_5yr,-6.349164667486179,-6.349164667486179,12.69363356487755,23.982350488934777,37.78973446864202,14.213633537092715,29.280830331322974
operating_profit_margin_pct,9.0,14.0,24.5,50.5,3989.6000000000063,884.8260869565217,8375.004681788025
net_profit_margin_pct,4.603000000000001,7.215,14.120000000000001,20.3825,29.329000000000004,20.119333333333334,45.682613066999735
interest_coverage,1.6751,3.3055,11.3613,58.3319,193.59160000000003,128.84181797752808,491.0866386703057
asset_turnover,0.07317,0.2087,0.6705,1.13625,1.6631000000000005,3.535855555555555,15.933447711971736
earnings_per_share,6.9,16.0,41.5,73.75,158.20000000000027,82.38888888888889,139.15456562248693
free_cash_flow_cr,-14847.199999999999,-1340.0,1068.5,8164.0,20818.10000000003,706.1666666666666,23312.33183823435
