id,company_id,year,net_profit_margin_pct,operating_profit_margin_pct,return_on_equity_pct,debt_to_equity,interest_coverage,asset_turnover,free_cash_flow_cr,capex_cr,earnings_per_share,book_value_per_share,dividend_payout_ratio_pct,total_debt_cr,cash_from_operations_cr,company_name,company_book_value,roce_pct,company_roe_pct,market_cap_crore,enterprise_value_crore,pe_ratio,pb_ratio,ev_ebitda,dividend_yield_pct,fcf_conversion_pct,capex_to_cfo_pct,debt_free_flag,interest_coverage_warning,high_leverage_flag
291,BRITANNIA,Mar 2024,12.73,19.0,54.15,0.524,20.5976,1.8484,3050.0,477.0,89.0,16.4208,83.0,2065,2573.0,Britannia Industries Ltd,133.0,48.9,57.1,324745.74,376568.58,63.91,4.26,33.95,1.88,118.53867081228138,18.53867081228138,False,False,False
909,PNB,Mar 2024,8.4,,61.31999999999999,3.6843,,1.507,-29445.0,1506.0,8.0,5.7435,18.0,55017,-27939.0,Punjab National Bank,110.0,1.63,8.7,1825925.6,2365495.49,19.29,10.91,23.64,1.32,105.39031461398044,-5.390314613980458,False,False,True
243,BEL,Mar 2024,19.66,25.0,4744.05,0.5119,476.75,125.8882,-1265.0,5924.0,5.0,0.7636,40.0,43,4659.0,Bharat Electronics Ltd,24.0,34.6,26.3,1354781.06,1259877.04,17.89,9.22,23.14,0.76,-27.15174930242541,127.15174930242542,False,False,False
339,COALINDIA,Mar 2024,26.26,47971.0,45.17,0.0788,11.2418,0.6019,13617.0,4486.0,61.0,1.3424,42.0,6523,18103.0,Coal India Ltd,156.0,63.6,52.0,454024.84,574785.39,34.27,14.75,25.15,4.38,75.21957686571287,24.780423134287137,False,False,False
455,HAL,Mar 2024,25.0,32.0,3816.58,0.6181,270.8837,67.5133,1814.0,6412.0,114.0,3.98,31.0,123,8226.0,Hindustan Aeronautics Ltd,465.0,38.9,28.9,2643616.86,3140281.78,71.89,3.65,8.76,2.77,22.05203014831024,77.94796985168976,False,False,False
696,LICI,Mar 2024,4.84,4.0,49.45,0.0,371.9375,0.1591,853.0,25269.0,66.0,1.3083,15.0,0,26122.0,Life Insurance Corporation of India,154.0,63.79,63.61,183583.67,205478.22,30.67,8.1,12.21,3.77,3.2654467498660136,96.734553250134,True,False,False
717,LT,Mar 2024,7.03,14.0,77.66999999999999,0.1035,3.5442,8.0276,20445.0,2179.0,95.0,66.7267,36.0,2071,18266.0,Larsen & Toubro Ltd,635.0,17.18,10.49,1124597.5,1097873.76,30.8,2.48,16.63,1.26,111.92926749151428,11.92926749151429,False,False,False
1076,TCS,Mar 2024,19.14,27.0,50.94,0.0886,87.0951,1.6559,50429.0,6091.0,127.0,24.997,58.0,8021,44338.0,Tata Consultancy Services Ltd,281.0,64.3,0.52,461188.15,542230.13,78.69,6.08,29.94,1.62,113.73765167576346,13.737651675763454,False,False,False
90,ADANIPOWER,Mar 2024,41.37,36.0,48.28,0.8023,8.2972,0.5472,17651.0,3481.0,54.0,1.1186,0.0,34616,14170.0,Adani Power Ltd,145.0,32.2,57.1,1372183.55,1357949.64,44.57,9.91,24.76,1.65,124.56598447424136,24.56598447424136,False,False,False
789,NESTLEIND,Mar 2024,16.12,24.0,117.75,0.1033,41.1862,2.3182,2938.0,1237.0,41.0,3.4792,79.0,345,4175.0,Nestle India Ltd,41.0,185.43,135.61,1677775.19,1677279.88,54.96,14.34,15.49,3.85,70.37125748502994,29.628742514970057,False,False,False
1184,INDIGO,Mar 2024,11.85,16331.0,892.57,0.0186,22.6126,56.3863,9424.0,11759.0,212.0,1.9062,0.0,17,21183.0,Interglobe Aviation Ltd,97.0,24.5,,1040632.92,1061542.29,76.23,7.87,24.64,4.27,44.48850493320115,55.51149506679885,False,False,False
